Publisher,Dewey,LC,Title,Number of Pages,Publish Place,Subject Place,Subject
Bantam Books,813'.54,nan,Odd Hours,352,New York,0,2773
Little Brown and Company,nan,nan,The Host,nan,nan,0,2447
St. Martin's Press,nan,nan,Love the One You're With,352,nan,0,2344
G.P. Putnam's Sons,nan,nan,The front,180,New York,25,2967
Doubleday,nan,nan,Snuff,208,nan,35,2583
Putnam Adult,nan,nan,Phantom Prey (Lucas Davenport Mysteries),384,nan,0,2454
Grand Central Publishing,nan,nan,The Whole Truth,432,nan,0,2717
Ace Hardcover,nan,nan,"From Dead to Worse (Southern Vampire Mysteries, Book 8)",368,nan,0,1381
Simon & Schuster,nan,nan,Where Are You Now?,336,nan,7,2399
Mira,nan,nan,Twenty Wishes,352,nan,5,2968
HarperCollinsPublishers,nan,nan,Careless in red,626,"New York, NY",60,2341
Knopf,813/.54,nan,Unaccustomed earth,nan,New York,37,2356
HarperCollins,813/.54,nan,The art of racing in the rain,nan,New York,0,2336
Dutton Adult,nan,nan,Hold Tight,400,nan,0,2772
Harper,813/.54,nan,Executive privilege,360,"New York, NY",20,2682
Pantheon Books,823/.914,nan,Netherland,nan,New York,38,2642
Doubleday,813/.54,nan,The appeal,358,New York,8,2700
Del Rey,813/.54,nan,Indiana Jones and the kingdom of the crystal skull,330,New York,0,2346
Berkley Hardcover,nan,nan,"Blood Noir (Anita Blake, Vampire Hunter, Book 16)",432,nan,0,1422
Simon & Schuster,nan,nan,Untitled Novel,304,nan,0,1994
Doubleday,nan,nan,Devil May Care,304,nan,0,2644
William Morrow,813/.54,nan,Shadow of power,nan,New York,0,2646
William Morrow,nan,nan,Blue Smoke and Murder,416,nan,0,2972
Random House,823/.914,nan,The enchantress of Florence,nan,New York,10,2262
Delacorte Press,nan,nan,Nothing to Lose,416,nan,6,2742
G.P. Putnam's Sons,813/.54,nan,Plague ship,515,New York,0,2348
Putnam Adult,nan,nan,Death and Honor (Honor Bound),320,nan,0,1407
Random House,nan,nan,The Spies of Warsaw,288,nan,7,2286
W. W. Norton,nan,nan,The Garden of Last Days,384,nan,0,2246
Putnam Adult,nan,nan,Resolution,320,nan,0,0
"Little, Brown and Company",nan,nan,Sail,400,nan,0,1928
Simon & Schuster,813'.54-dc-22,nan,The Broken Window,414,New York,86,1623
St. Martin's Press,823/.914,nan,Married lovers,nan,New York,55,2470
Ecco,813/.6,nan,The story of Edgar Sawtelle,566,New York,3,2353
Riverhead Books,nan,nan,The Brief Wondrous Life of Oscar Wao,339,New York,2,2473
St. Martin's Press,nan,nan,Fearless Fourteen,320,nan,15,2256
Pocket,nan,nan,No Choice But Seduction,384,nan,59,2507
Viking Adult,nan,nan,The Beach House,352,nan,0,167
Putnam Adult,nan,nan,TailSpin (FBI Thriller (G.P. Putnam's Sons)),432,nan,0,1512
Delacorte Press,nan,nan,Rogue,320,nan,0,2786
Morrow Avon,813/.54,nan,The last oracle,434,New York,0,2484
Random House,nan,nan,America America,464,nan,73,2555
William Morrow,nan,nan,Queen of Babble Gets Hitched (Queen of Babble),288,nan,12,1694
Atria,nan,nan,The Last Patriot,nan,nan,0,1839
Simon & Schuster,nan,nan,Chasing Darkness,288,nan,0,1854
Ballantine Books,nan,nan,Death Angel,368,nan,0,2759
"Little, Brown and Company",nan,nan,A Summer Affair,416,nan,3,2648
Putnam Adult,nan,nan,Tribute,464,nan,4,2672
Simon & Schuster,nan,nan,Swan Peak,352,nan,15,2161
St. Martin's Press,813/.54,nan,Silent thunder,nan,New York,0,2462
Doubleday,nan,nan,Rules of Deception,320,nan,1,2956
Doubleday,813/.54,nan,Just too good to be true,nan,New York,0,2480
Bantam,nan,nan,Say Goodbye,368,nan,9,2730
Putnam Adult,nan,nan,Killer View,320,nan,2,2492
Riverhead Books,nan,nan,A thousand splendid suns,372,New York,6,2931
SIGNET,nan,nan,"Secret Servant, The (Gabriel Allon)",nan,nan,0,167
Ballantine Books,nan,nan,Into the Fire,400,nan,0,2133
William Morrow,814/.54,nan,Damage control,374,New York,8,2839
Tor Books,nan,nan,By Schism Rent Asunder,560,nan,0,838
Grand Central Publishing,nan,nan,Robert Ludlum's (TM) The Bourne Sanction,484,"237 Park Avenue, New York, NY 10017",0,1950
The Dial Press,nan,nan,The Guernsey Literary and Potato Peel Pie Society,288,nan,0,1708
William Morrow,nan,nan,The Lace Reader,390,"New York, USA",27,2964
Del Rey/Ballentine Books,nan,nan,Star Wars,256,New York,0,1531
Delacorte Press,nan,nan,Fractured,352,nan,3,2363
St. Martin's Press,nan,nan,Acheron,544,nan,6,2174
Putnam Adult,nan,nan,Foreign Body,464,nan,0,167
St. Martin's Press,813/.54,nan,The assassin,341,New York,0,2400
Doubleday,813/.6,nan,The gargoyle,468,New York,0,2522
Simon & Schuster,nan,nan,Smoke Screen,288,nan,0,2264
William Morrow,nan,nan,Mercedes coffin,367,New York,86,2729
Grand Central Pub.,813/.54,nan,Off season,358,New York,0,2664
Random House,813/.54,nan,The 19th wife,nan,New York,1,2284
Lucas Books/Del Rey/Ballantine Books,823/.914,nan,Star wars,nan,New York,0,1351
St. Martin's Press,813/.54,nan,Being Elizabeth,nan,New York,59,2202
G.P. Putnam's Sons,823/.914,nan,Rough justice,nan,New York,0,2585
Scribner,nan,nan,Devil Bones,320,nan,2,2354
Ballantine Books,813/.54,nan,The gypsy morph,nan,New York,0,2230
G.P. Putnam's Sons,823/.914,nan,Silks,nan,New York,59,2933
William Morrow & Co.,nan,nan,The Laughter of Dead Kings,324,New York,5,1692
Mira,nan,nan,Just breathe,469,"Don Mills, Ont",0,2517
Berkley Books,813/.6,nan,Dark curse,nan,New York,0,2215
Grand Central Pub.,813/.54,nan,The book of lies,nan,New York,0,2954
Random House,813/.6,nan,American wife,nan,New York,35,2179
"Farrar, Straus and Giroux",nan,nan,Home,325,New York,1,2418
St. Martin's Minotaur,813/.6,nan,Sweetheart,nan,New York,12,2510
Roc,813/.54,nan,The scourge of god,nan,New York,0,1342
William Morrow,813/.54,nan,Anathem,nan,"New York, NY",0,2450
Ballantine Books,813/.54,nan,The keepsake,nan,New York,13,1788
Twelve,813/.54,nan,Supreme courtship,nan,New York,20,1760
Scribner,nan,nan,Fine Just the Way It Is,240,nan,6,2363
Simon & Schuster; Touchstone,823'.914,nan,The Other Queen,438,New York,29,1821
Delacorte Press,813/.6,nan,Faefever,nan,New York,11,2577
Alfred A. Knopf,839.73/8,nan,The  Girl with the Dragon Tattoo,465,"New York, USA",18,3443
Houghton Mifflin Company,813/.54,nan,Indignation,nan,Boston,13,1650
Tor,813/.54,nan,Paul of Dune,nan,New York,1,2185
Del Rey,nan,nan,Star Wars    Order 66,482,nan,0,0
Viking,813/.54,nan,Liberty,nan,New York,17,1637
G.P. Putnam's Sons,nan,nan,Heat lightning,388,New York,17,2278
William Morrow and Company,nan,nan,Any Given Day,577,"New York, USA",0,0
G.P. Putnam's Sons,813/.54,nan,Hot mahogany,nan,New York,0,2498
Hyperion,nan,nan,ONE FIFTH AVENUE,416,nan,8,2622
Atria Books,813/.6,nan,Tsar,nan,New York,4,2063
Pantheon Books,823/.914,nan,The comforts of a muddy Saturday,nan,New York,3,2459
Simon & Schuster,813/.54,nan,Night of thunder,nan,New York,4,1973
Grand Central Publishing,nan,nan,The Lucky One,nan,nan,13,2629
MIRA,nan,nan,A Cedar Cove Christmas,280,"Don Mills, Ont",0,2599
Wizards of the Coast,813/.54,nan,The  pirate king,nan,"Renton, WA",1,1788
Scribner,823/.914,nan,A most wanted man,nan,New York,4,2496
Simon & Schuster,nan,nan,Grace,316,New York,0,1783
G. P. Putnam's Sons,813/.54,nan,Devil's brood,nan,New York,25,2589
Simon & Schuster,813/.54,nan,The quilter's kitchen,nan,"New York, NY",5,1362
"DAW Books, Inc.",nan,nan,Foundation,340,New York,0,2056
"Little, Brown and Company",813/.54,nan,The Brass Verdict,422,New York,86,3243
William Morrow,813/.54,nan,A lion among men,312,New York,0,2656
St. Martin's Press,813/.54,nan,A Wallflower Christmas,nan,New York,104,2562
BallantineBooks,813/.54,nan,The fire,nan,New York,0,2257
Pantheon Books,813/.6,nan,I see you everywhere,nan,New York,0,2094
Atria Books,nan,nan,Extreme measures,430,New York,0,2427
Ballantine Books,813/.54,nan,Bones,353,New York,86,2394
G.P. Putnam's Sons,813/.54,nan,Rough weather,294,New York,47,2878
"Little, Brown and Co.",813/.54,nan,Testimony,nan,New York,3,2626
St. Martin's Press,813/.54,nan,Dark summer,nan,New York,0,2333
LucasBooks/Del Rey/Ballantine Books,813/.54,nan,Star wars,nan,New York,0,2646
Grand Central Pub.,813/.54,nan,The gate house,nan,New York,80,2874
Delacorte Press,813/.54,nan,A good woman,327,New York,51,2521
HQN,813/.6,nan,A McKettrick Christmas,280,"Don Mills, Ont",14,1780
Grand Central Pub.,813/.54,nan,Divine justice,nan,New York,1,2603
G.P. Putnam's Sons,813/.54,nan,Salvation in death,nan,New York,117,2642
Ballantine Books,813/.54,nan,Swallowing darkness,nan,New York,0,1813
Atria Books,813/.54,nan,Midnight,nan,New York,0,2338
Bantam Books,813/.54,nan,Santa clawed,nan,"New York, N.Y",7,2784
Threshold,813/.6,nan,The Christmas sweater,nan,New York,0,2187
Scribner,813/.54,nan,Just After Sunset,367,New York,83,1181
HarperCollins Publishers,813/.54,nan,The hour I first believed,nan,New York,0,2233
Knopf,813/.54,nan,A mercy,nan,New York,0,2250
Simon & Schuster,813/.54,nan,The bodies left behind,nan,New York,3,1962
Tor,813'.54,nan,Ender in Exile,377,New York,0,2203
"Little, Brown and Co.",813/.54,nan,Cross Country,406,"New York, NY",20,2849
Alfred A. Knopf,823/.914,nan,The  private patient,nan,New York,61,2665
Simon & Schuster,813/.54,nan,Dashing through the snow,226,New York,147,2552
G.P. Putnam's Sons,813/.54,nan,Arctic drift,nan,New York,2,2346
Bantam Books,813/.54,nan,Your heart belongs to me,337,New York,0,2194
Ace Books,813/.6,nan,Princeps' fury,nan,New York,0,1614
G. P. Putnam's Sons,813/.6,nan,Knit two,320,New York,38,2242
G. P. Putnam's Sons,813/.54,nan,Scarpetta,nan,New York,0,2363
Ballantine Books,813/.6,nan,The Charlemagne pursuit,nan,New York,0,2108
Simon & Schuster,813/.54,nan,Cruel intent,nan,New York,7,2082
G.P. Putnam's Sons,813/.54,nan,Black ops,453,New York,0,2672
Ballantine Books,813.54,nan,Fire and ice,320,New York,7,1903
G.P. Putnam's Sons,813/.54,nan,Running hot,nan,New York,0,2591
Henry Holt and Company,813/.54,nan,Eclipse,369,New York,2,2173
G.P. Putnams's Sons,813/.54,nan,Mounting fears,nan,New York,20,2486
Viking,813/.6,nan,The piano teacher,328,New York,9,2760
"Little, Brown",813/.6,nan,Beat the Reaper (Peter Brown #1),nan,New York,5,2520
Harper,nan,nan,Agincourt,464,nan,26,2283
Dutton,813/.6,nan,The temptation of the night jasmine,nan,New York,59,2337
Doubleday & Co.,813/.54,nan,The associate,373,New York,0,2743
William Morrow,813/.54,nan,What I did for love,nan,"New York, NY",5,2652
Ballantine Books,813/.54,nan,Dark of night,nan,New York,0,1851
G.P. Putnam's Sons,823/.914,nan,A darker place,nan,New York,4,2599
Doubleday,nan,nan,Basketball Jones,256,nan,0,2178
Bantam Dell,813/.54,nan,Men of the otherworld,nan,New York,0,2037
William Morrow,nan,nan,Nuclear Jellyfish,320,nan,0,0
"Little, Brown and Co.",813/.54,nan,Run for Your Life,373,New York,38,2614
Ace Books,813/.6,nan,Bone crossed,nan,New York,0,2086
St. Martin's Press,813/.54,nan,True colors,nan,New York,5,2194
HarperCollins Publishers,813/.54,nan,Very Valentine,nan,New York,38,1640
Grand Central Pub.,813/.6,nan,Kill for me,nan,New York,0,2881
Harpercollins,813,nan,Fool,336,nan,0,2186
Viking,813/.54,nan,The women,nan,New York,0,2478
"Little, Brown and Company",813/.54,nan,Drood,784,"New York, USA",31,2140
Alfred A. Knopf,823/.914,nan,Heart and soul,nan,New York,10,2211
Atria Books,813/.6,nan,Dog on it,nan,New York,0,2721
Henry Holt and Co.,nan,nan,Among the Mad (Maisie Dobbs Novels),320,nan,125,1795
Doubleday,813/.54,nan,While my sister sleeps,nan,New York,0,2672
Doubleday,813/.54,nan,Lethal legacy,nan,New York,38,2188
Alfred A. Knopf,813/.6,nan,Cutting for Stone,nan,"New York, USA",52,2952
St. Martin's Press,813/.54,nan,The second opinion,nan,New York,47,2548
G.P. Putnam's Sons,813/.54,nan,Promises in death,342,New York,79,2739
Eos,813/.6,nan,"White witch, black curse",nan,"New York, NY",3,2520
G. P. Putnam's Sons,813/.54,nan,Night and day,nan,New York,25,2752
Doubleday,nan,nan,Terminal Freeze,336,nan,0,0
Kensington Books,813/.54,nan,Cream puff murder,310,New York,0,2255
William Morrow,nan,nan,Temptation and Surrender,400,nan,0,2643
Atria Books,813/.54,nan,Handle with care,nan,New York,0,2494
Baen Books,813/.54,nan,Storm from the shadows,nan,"Riverdale, NY",0,2198
William Morrow,813/.6,nan,Don't look twice,nan,New York,4,2727
New American Library,813/.54,nan,The shadow queen,nan,New York,0,1628
Penguin Group USA,813,nan,Corsair,nan,New York,0,0
Penguin Group USA,813,nan,Dead Silence,nan,nan,2,2501
Amy Einhorn Books,813/.6,nan,The Help,nan,"New York, USA",11,3034
Ballantine Books,813/.6,nan,Fault line,nan,New York,0,2327
Ballantine Books,813/.6,nan,Hotel on the corner of bitter and sweet,nan,New York,5,2045
William Morrow,813/.54,nan,Life sentences,344,New York,5,2225
Minotaur Books,813/.6,nan,The tourist,nan,New York,0,2569
Ballantine Books,813,nan,True Detectives,368,nan,20,2464
Del Rey Books,813/.6,nan,Outcast,318,New York,0,1353
G.P. Putnam's Sons,813/.54,nan,Pursuit,369,New York,20,2702
Ballantine Books,823/.914,nan,Execution dock,nan,New York,80,2318
Riverhead Books,813/.54,nan,The long fall,nan,New York,0,2670
Dutton,813/.54,nan,Long lost,nan,New York,7,3035
Atria Books,813/.54,nan,Lavender morning,nan,New York,0,2462
Kensington Books,813/.54,nan,Malice,424,New York,21,2160
St. Martin's Press,813/.54,nan,Smooth talking stranger,340,New York,14,2298
Simon & Schuster,813/.54,nan,The lost quilter,nan,New York,0,1361
Harpercollins,813,nan,Rides a Dread Legion,352,nan,0,1779
Forge,813/.54,nan,One second after,nan,New York,0,838
Roc,813/.6,nan,Turn Coat,420,New York,6,2576
Simon & Schuster,813/.54,nan,Just take my heart,nan,New York,36,2809
William Morrow,nan,nan,Fatally Flaky,336,nan,6,2658
G.P. Putnam's Sons,813/.54,nan,Borderline,399,New York,15,2606
Scribner,813/.54,nan,Cursed,nan,New York,20,2214
Scribner,813/.54,nan,Once a runner,nan,New York,0,2174
St. Martin's Press,813/.54,nan,Look again,341,New York,0,2195
Center Street,813/.54,nan,The bone man's daughters,nan,New York,35,2645
St. Martin's Press,813/.54,nan,Prayers for sale,nan,New York,6,2207
Crown Publishers,813/.6,nan,Perfect fifths,nan,New York,0,2046
Bantam Books,813/.54,nan,The geometry of sisters,nan,"New York, NY",1,2105
Grand Central Pub.,813/.54,nan,First family,452,New York,0,2456
Pantheon Books,823/.914,nan,Tea time for the traditionally built,224,New York,4,2791
G.P. Putnam's Sons,813/.54,nan,Loitering with intent,293,New York,81,2552
G. P. Putnam's Sons,813/.54,nan,The perfect poison,nan,New York,59,2976
St. Martin's Press,813/.54,nan,Deadlock,374,New York,0,2248
Pocket Books,813.6,nan,Arthas,312,New York,0,1341
Algonquin Books of Chapel Hill,813/.6,nan,A reliable wife,nan,Chapel Hill,3,1477
"Little, Brown and Company",813/.54,nan,The 8th confession,nan,New York,71,2862
MIRA Books,813/.54,nan,Summer on Blossom Street,361,"Don Mills, Ont",5,2597
Bantam Books,813/.54,nan,The language of bees,nan,New York,59,2373
Random House,813/.54,nan,Home safe,nan,New York,0,2091
Kensington Books,813/.54,nan,Mr. and Miss Anonymous,293,New York,0,2750
Ace Books,813/.54,nan,Dead and gone,nan,New York,0,2495
doubleday,nan,nan,Pygmy,nan,nan,0,2432
Houghton Mifflin Harcourt,821/.912,nan,The Legend of Sigurd and Gudr√∫n,nan,Boston,0,0
G. P. Putnam's Sons,813/.54,nan,Brimstone,nan,New York,0,2578
Scribner,823/.914,nan,Brooklyn,nan,New York,45,2259
G. P. Putnam's Sons,813/.54,nan,Wicked Prey,402,New York,0,2301
Grand Central Pub.,813/.54,nan,Cemetery dance,nan,New York,117,2637
Thomas Dunne Books/St. Martin's Press,823/.914,nan,Assegai,nan,New York,0,2178
Minotaur Books,813/.6,nan,The last child,373,New York,13,2188
William Morrow,813/.54,nan,Road dogs,262,New York,20,1785
Penguin Press,813/.6,nan,The selected works of T. S. Spivet,nan,New York,7,1779
Dutton,823/.92,nan,The sign,nan,New York,5,2806
Delacorte Press,823/.914,nan,Seducing an angel,nan,New York,79,2493
"Little, Brown and Co.",813/.54,nan,The scarecrow,419,New York,20,2210
Random House,813/.54,nan,Shanghai girls,314,New York,35,1848
HQN,813/.54,nan,Heartless,298,"Don Mills, Ont",14,1339
"Berkley Books, NY",nan,nan,Skin Trade,486,New YORK,0,2403
G.P. Putnam's Sons,813/.54,nan,Medusa,454,New York,0,2600
Delacorte Press,813/.54,nan,Matters of the heart,nan,"New York, N.Y",0,2231
William Morrow,813/.6,nan,The strain,nan,New York,0,1687
Berkley Sensation,813/.6,nan,Undead and unwelcome,nan,New York,0,2534
Alfred A. Knopf,813/.54,nan,My father's tears and other stories,nan,New York,0,436
Shaye Areheart Books,813/.54,nan,The story sisters,nan,New York,0,1804
Bantam Books,813/.54,nan,Relentless,356,New York,0,2175
Voice,813/.6,nan,The Physick Book of Deliverance Dane,371,"New York, USA",2,1877
Grand Central Publishing,813/.54,nan,Robert Ludlum's The Bourne Deception,423,New York,35,2640
Simon & Schuster,813/.54,nan,Roadside Crosses,399,New York,46,2392
G.P. Putnam's Sons,nan,nan,Knock out,310,New York,0,2904
Doubleday,863/.64,nan,The Angel's Game,531,"New York, USA",15,2090
Bantam Books,813/.54,nan,The neighbor,nan,New York,38,2632
Viking,823/.914,nan,Dune road,nan,New York,0,2558
Pocket Books,813/.54,nan,A rogue of my own,nan,New York,25,1944
St. Martin's Press,813/.54,nan,Finger lickin' fifteen,308,New York,12,2624
William Morrow,813/.54,nan,The doomsday key,nan,New York,0,1644
Del Rey/Ballantine Books,813.6,nan,Omen,250,New York,0,1611
HarperCollins,813/.54,nan,The fixer upper,nan,New York,0,2309
"Little, Brown and Co.",813/.54,nan,Swimsuit,393,New York,3,2018
Atria Books,813/.6,nan,The apostle,358,New York,3,1429
Dutton,813/.54,nan,A plague of secrets,nan,New York,15,2488
William Morrow,nan,nan,Return to Sullivans Island,400,nan,5,2515
G.P. Putnam's Sons,813/.54,nan,Black Hills,nan,New York,1,2536
Scribner,813/.54,nan,The devil's punchbowl,nan,New York,8,2956
Ballantine Books,813/.54,nan,Burn,367,New York,0,2607
Tor,813/.54,nan,By heresies distressed,nan,New York,0,998
HarperCollins,813/.54,nan,The crowning glory of Calla Lily Ponder,nan,New York,1,2325
Atria Books,813/.54,nan,Best friends forever,nan,New York,0,2361
Simon & Schuster,813/.54,nan,Rain gods,nan,New York,14,1942
William Morrow,813/.54,nan,Guardian of lies,nan,New York,46,2495
Delacorte Press,813/.54,nan,Undone,nan,New York,3,2666
G. P. Putnam's Sons,813/.6,nan,The defector,469,New York,0,2270
Dial Press,823/.914,nan,Twenties Girl,nan,New York,0,2082
William Morrow,813/.54,nan,Fire and ice,338,New York,16,2449
St. Martin's Press,813/.54,nan,Storm cycle,nan,New York,17,2238
Alfred A. Knopf,nan,nan,The Girl Who Played with Fire,503,"New York, USA",8,3401
Ballantine Books,813/.54,nan,Hot pursuit,403,New York,0,2064
Alfred A. Knopf,813/.54,nan,That old cape magic,261,New York,2,1789
Penguin Press,813/.54,nan,Inherent vice,nan,New York,0,1934
G. P. Putnam's Sons,813/.54,nan,The traffickers,338,New York,12,2512
Doubleday,nan,nan,Rules of Vengeance,432,nan,0,1373
Tor,813/.54,nan,The winds of dune,nan,New York,0,2175
Wizards of the Coast,nan,nan,Dragons of the Hourglass Mage,384,nan,0,2455
Nan A. Talese,813/.54,nan,South of Broad,nan,New York,2,2947
Simon & Schuster,813/.54,nan,Smash cut,367,New York,12,2576
William Morrow,nan,nan,Blindman's Bluff,400,nan,0,2002
G.P. Putnam's Sons,813/.54,nan,Intervention,387,New York,79,2494
Simon & Schuster,823/.92,nan,The white queen,415,New York,84,1572
Ballantine Books,813/.54,nan,Abyss,332,New York,0,1629
G.P. Putnam's Sons,813/.54,nan,The law of nines,nan,New York,9,2492
G.P. Putnam's Sons,823/.914,nan,Even money,nan,New York,59,2523
 Roc Hardcover,nan,nan,The Sword of the Lady: A Novel of the Change (Change Series),nan,nan,0,2180
Dutton Adult,nan,nan,UntDickey2009,nan,nan,0,1355
Berkley Books,813/.6,nan,Dark slayer,401,New York,0,2377
nan,nan,nan,Spartan Gold,nan,nan,0,2796
Random House,813/.54,nan,Homer and Langley,nan,New York,79,2094
Alfred A. Knopf,813/.54,nan,A gate at the stairs,321,New York,0,1823
Henry Holt and Company,813/.54,nan,The Spire,371,New York,0,2235
Minotaur Books,813/.6,nan,Evil at heart,nan,New York,12,2671
Thomas Nelson,813/.54,nan,Green,392,"Nashville, Tenn",0,1339
Grand Central Pub.,813/.54,nan,The last song,390,New York,24,2688
Doubleday,nan,nan,Dexter by Design,304,nan,0,1644
Doubleday,813/.6,nan,The golden city,358,New York,46,2607
Scribner,813/.54,nan,Day after night,294,New York,0,1847
Doubleday,813/.54,nan,The lost symbol,509,New York,14,2583
Delacorte Press,813/.6,nan,An echo in the bone,820,New York,16,1428
G. P. Putnam's Sons,813/.54,nan,Hothouse orchid,294,New York,13,1545
Nan A. Talese/Doubleday,813/.54,nan,The year of the flood,434,New York,0,2192
G.P. Putnam's Sons,813/.6,nan,Hardball,446,New York,6,2493
Pantheon Books,823/.914,nan,The lost art of gratitude,262,New York,3,2464
Pocket Books,813/.54,nan,Mama dearest,389,New York,0,2204
Alfred A. Knopf,813/.6,nan,Blood's a rover,633,New York,20,1337
Minotaur Books,813/.6,nan,The brutal telling,372,New York,0,2553
G.P. Putnam's Sons,813/.6,nan,Rough country,388,New York,18,1711
Scribner,nan,nan,Her Fearful Symmetry,nan,nan,20,2768
Riverhead Books,823/.914,nan,"Juliet, naked",406,New York,0,2510
Mira,nan,nan,"Lakeshore Christmas (Lakeshore Chronicles, Book 6)",384,nan,0,2037
Kensington Books,813/.6,nan,Plum pudding murder,303,New York,17,2393
Ace Books,813/.54,nan,A touch of dead,nan,New York,0,2698
G.P. Putnam's Sons,813/.54,nan,The professional,nan,New York,47,1801
Scribner,813/.6,nan,Half broke horses,nan,New York,0,2188
Wizards of the Coast,813/.54,nan,The ghost king,nan,"Renton, WA",1,1340
Simon & Schuster,813/.54,nan,The Christmas list,353,New York,0,1806
Harper,823/.914,nan,Unseen academicals,nan,New York,1,1346
Atria Books,813/.54,nan,Pursuit of honor,431,New York,58,2407
"Little, Brown and Co.",813/.54,nan,Nine dragons,377,New York,0,2214
Hyperion,nan,nan,Heat Wave,208,nan,0,1644
LucasBooks,nan,nan,Star Wars,288,nan,0,1340
Henry Holt and Co.,823/.914,nan,Wolf Hall,nan,"New York, USA",132,2894
Pocket Books,813/.54,nan,Deep kiss of winter,426,New York,0,12
Hyperion,nan,nan,And Another Thing...,288,nan,0,2177
G.P. Putnam's Sons,813/.6,nan,The Scarpetta factor,494,New York,38,1365
Delacorte Press,813/.54,nan,Southern lights,nan,New York,85,2733
St. Martin's Press,nan,nan,Blood game,338,New York,0,2357
Thomas Dunne Books,813/.54,nan,To try men's souls,345,New York,35,1419
Tor,813/.54,nan,The Gathering Storm,783,New York,0,2209
Grand Central Pub.,813/.54,nan,True blue,nan,New York,20,2373
Random House,813/.54,nan,Last night in twisted river,nan,New York,1,2102
Berkley Prime Crime,813/.54,nan,Grave secret,306,New York,0,2506
Alfred A. Knopf,813/.54,nan,Angel time,nan,New York,0,2594
Doubleday,813/.54,nan,Ford County,308,New York,6,2408
G.P. Putnam's Sons,813/.54,nan,Kindred in death,374,New York,38,1890
Harper,813/.54,nan,The lacuna,507,New York,16,1454
Ballantine Books,nan,nan,No less than victory,449,New York,1,2207
Simon & Schuster,813/.54,nan,Rainwater,247,New York,14,1967
G.P. Putnam's Sons,813/.6,nan,Knit the season,260,New York,0,1396
Scribner,nan,nan,Under the Dome,1074,"New York, USA",15,2612
Ballantine Books,nan,nan,Ice,208,nan,7,2212
Doubleday,823/.914,nan,New York,862,New York,38,1419
Harper,813/.54,nan,Wishin' and hopin',nan,New York,4,1636
"Little, Brown and Company",nan,nan,"I, Alex Cross",nan,nan,0,0
G.P. Putnam's Sons,813/.54,nan,The Wrecker,470,New York,1,2706
Harper Collins Publishers,nan,nan,Pirate Latitudes,nan,nan,5,2534
Bantam Books,813/.6,nan,Breathless,336,New York,6,2180
Ace Books,813/.6,nan,First lord's fury,465,New York,0,1633
G.P. Putnam's Sons,813/.54,nan,U is for undertow,403,New York,46,3004
Ballantine Books,813/.6,nan,The Paris vendetta,418,New York,24,1376
Ballantine Books,813/.54,nan,Divine misdemeanors,333,New York,0,1397
Del Rey/Ballantine Books,813/.6,nan,Darth Bane,296,New York,0,1340
Ballantine Books,nan,nan,Sizzle,336,nan,0,1579
G. P. Putnam's Sons,813/.54,nan,Fired up,353,New York,0,2678
G. P. Putnam's Sons,813/.54,nan,The honor of spies,nan,New York,41,2302
nan,nan,nan,Deeper than the Dead,nan,nan,46,2883
William Morrow,813/.54,nan,Altar of Eden,398,New York,0,1339
Simon & Schuster,813/.54,nan,"I, sniper",nan,New York,0,2744
Atria Books,813/.54,nan,Days of gold,376,New York,4,2448
Alfred A. Knopf,813/.54,nan,Noah's compass,nan,New York,0,1775
Forge Books,nan,nan,Impact,368,nan,0,0
Doubleday,813/.54,nan,Not my daughter,343,New York,0,2663
G.P. Putnam's Sons,813/.54,nan,The first rule,308,New York,67,2498
"Little, Brown and Co.",813/.6,nan,The swan thieves,nan,New York,0,1733
Dutton,813/.6,nan,Treasure Hunt,357,New York,15,2411
Grand Central Pub.,813/.54,nan,Roses,nan,New York,14,1370
G. P. Putnam's Sons,813/.54,nan,Kisser,291,New York,0,1968
Harper,nan,nan,The Burning Land,352,nan,0,1592
G.P. Putnam's Sons,823/.92,nan,The wolf at the door,306,New York,59,1362
Bantam Books,813/.6,nan,Blood ties,311,New York,0,2298
William Morrow,813/.54,nan,Gator a-go-go,nan,New York,13,2022
nan,nan,nan,Worst Case,nan,nan,0,0
Berkley Books,813/.54,nan,Flirt,nan,New York,0,2067
St. Martin's Press,813/.54,nan,Winter garden,nan,New York,0,1365
Shaye Areheart Books,813/.54,nan,Secrets of Eden,370,New York,0,1784
St. Martin's Press,823/.914,nan,Poor little bitch girl,472,New York,48,2321
Harper,nan,nan,"Brava, Valentine",352,nan,0,1646
Amy Einhorn Books/G.P. Putnam's Sons,813/.54,nan,The postmistress,nan,New York,46,3119
G. P. Putnam's Sons,813/.6,nan,The midnight house,nan,New York,0,2294
Doubleday,nan,nan,A dark matter,397,New York,1,2197
Alfred A. Knopf,839.73/74,nan,The man from Beijing,365,New York,0,1369
Sarah Crichton Books,813/.54,nan,The three Weissmanns of Westport,292,New York,1,1402
William Morrow,nan,nan,Horns,384,nan,0,2482
St. Martin's Press,813/.54,nan,The last surgeon,nan,New York,5,2268
G.P. Putnam's Sons,813/.54,nan,Fantasy in death,356,New York,38,2524
Eos,nan,nan,"Black Magic Sanction (Rachel Morgan, Book 8)",496,nan,0,1614
G.P. Putnam's Sons,813/.54,nan,Split image,nan,New York,25,2604
Delacorte Press,813/.54,nan,Big girl,323,New York,0,2215
Kensington,nan,nan,Apple Turnover Murder (Hannah Swensen Mysteries),304,nan,0,2360
Atria Books,813/.54,nan,House rules,532,New York,0,2240
Grand Central Pub.,813/.6,nan,Abraham Lincoln,nan,New York,0,2223
Roc,813/.54,nan,Shalador's lady,476,New York,0,1755
G.P. Putnam's Sons,813/.54,nan,The silent sea,nan,New York,4,2531
LucasBooks,nan,nan,Star Wars: Fate of the Jedi,352,nan,0,1592
G.P. Putnam's Sons,813/.54,nan,Deep shadow,nan,New York,2,1661
Viking,813/.6,nan,Angelology,451,New York,0,2197
Dutton,813/.54,nan,Hell gate,382,New York,38,1361
Random House,813/.6,nan,Major Pettigrew's last stand,nan,New York,0,1801
Riverhead Hardcover,nan,nan,The Surrendered,352,nan,0,0
St. Martin's Press,813/.54,nan,Think twice,374,New York,0,2210
Bantam Books,813/.6,nan,The girl who chased the moon,nan,New York,13,1722
Tyndale House Publishers,813/.54,nan,Her mother's hope,nan,"Carol Stream, Ill",0,1370
Simon & Schuster,813/.6,nan,The Spellmans strike again,388,New York,71,1452
Dutton,813/.54,nan,Caught,nan,New York,10,1804
nan,nan,nan,Bite Me,nan,nan,61,1377
Atlantic Monthly Press,nan,nan,Matterhorn,nan,nan,0,1780
G.P. Putnam's Sons,813/.54,nan,Shattered,nan,New York,0,2380
Harper,823/.92,nan,The mapping of love and death,nan,New York,79,1382
Ace Books,813/.6,nan,Silver Borne,342,New York,0,1639
Ballantine Books,813/.54,nan,Deception,nan,New York,67,2362
Nan A. Talese,nan,nan,Solar,nan,nan,0,2387
Kensington Books,813/.54,nan,Without mercy,424,New York,5,1827
Roc/New American Library,813/.6,nan,Changes,448,New York,6,2733
Simon & Schuster,813/.54,nan,The walk,nan,New York,6,2189
William Morrow,nan,nan,A River in the Sky,nan,nan,1,402
Viking,813/.54,nan,The black cat,nan,New York,59,1426
Simon & Schuster,813/.54,nan,The aloha quilt,nan,New York,3,1364
Bantam Books,813/.54,nan,Cat of the century,nan,New York,7,2778
Riverhead Books,nan,nan,Imperfect Birds,nan,nan,1,1336
G.P. Putnam's Sons,813/.54,nan,Nowhere to run,356,New York,6,1342
Viking,813/.54,nan,Miss Julia renews her vows,341,New York,13,2215
Random House,813/.54,nan,The last time I saw you,244,New York,0,1357
nan,nan,nan,The Shadow of Your Smile,nan,nan,8,2421
Random House,nan,nan,Every Last One,nan,nan,0,0
nan,813/.54,nan,Wrecked,261,nan,107,1379
Tor Books,nan,nan,A Mighty Fortress (Safehold Book 4),720,nan,0,1358
Spiegel & Grau,813/.54,nan,Beatrice and Virgil,nan,New York,0,1650
nan,nan,nan,The Bride Collector,nan,nan,0,0
Grand Central Pub.,813/.54,nan,Deliver us from evil,nan,New York,0,2358
Pantheon Books,823/.914,nan,The Double Comfort Safari Club,nan,New York,1,2504
HarperCollinsPublishers,813/.54,nan,This body of death,nan,New York,79,1463
G.P. Putnam's Sons,813/.54,nan,Lucid intervals,nan,New York,0,1745
G.P. Putnam's Sons,813/.54,nan,Burning lamp,nan,New York,59,2677
nan,nan,nan,Eight Days to Live,nan,nan,0,2788
"Little, Brown and Co.",813/.54,nan,The 9th judgment,355,New York,71,2428
New American Library,813/.6,nan,Lover mine,nan,New York,0,1709
nan,nan,nan,Hannah's List,nan,nan,0,1745
Bantam Books,813/.54,nan,The god of the hive,nan,New York,59,2734
Harper,nan,nan,Island Beneath the Sea,nan,nan,6,1775
Kensington Pub. Corp.,813/.54,nan,Return to sender,279,New York,126,1363
William Morrow,nan,nan,Reckless,nan,nan,0,0
Ace Books,813/.54,nan,Dead in the family,nan,New York,6,2930
Grand Central Pub.,813/.54,nan,Innocent,nan,New York,0,1779
G.P. Putnam's Sons,813/.54,nan,Blue-eyed devil,nan,New York,0,2184
Doubleday,nan,nan,Tell-All,nan,nan,5,2578
Dial Press,813/.6,nan,The imperfectionists,272,New York,0,2178
Ballantine Books,813/.54,nan,The scent of rain and lightning,nan,New York,1,1667
St. Martin's Press,nan,nan,Heart of the Matter,nan,nan,0,1645
Grand Central Publishing,nan,nan,Fever Dream (Special Agent Pendergast #10),nan,nan,0,1858
William Morrow,813/.54,nan,Executive intent,nan,New York,35,2074
Delacorte Press,813/.54,nan,61 hours,nan,New York,2,2548
G. P. Putnam's Sons,813/.54,nan,Storm prey,nan,New York,27,3132
Dell Books,823/.914,nan,A secret affair,nan,New York,0,2584
Harper,813/.54,nan,Supreme justice,nan,New York,20,2515
Alfred A. Knopf,839.738,nan,The girl who kicked the hornet's nest,nan,New York,4,2511
Del Rey,nan,nan,Allies (Star Wars: Fate of the Jedi),nan,nan,0,1652
Scribner,nan,nan,Blockade Billy,132,New York,0,2779
HQN,nan,nan,"long, tall texan #39",nan,United States of America,0,0
Berkley Hardcover,nan,nan,"Bullet (Anita Blake, Vampire Hunter)",352,nan,0,1768
G.P. Putnam's Sons,813/.54,nan,The spy,nan,New York,1,3235
Simon & Schuster,813/.54,nan,The Burning Wire,414,New York,86,1891
Grand Central Pub.,813/.54,nan,Robert Ludlum's The Bourne objective,nan,New York,0,2235
William Morrow,813/.54,nan,The rule of nine,nan,New York,20,2768
Doubleday,nan,nan,The Particular Sadness of Lemon Cake,nan,nan,0,1909
Grand Central Pub.,813/.54,nan,The lion,nan,New York,41,1764
Ballantine Books,813/.54,nan,The Passage,766,"New York, USA",48,2649
William Morrow,nan,nan,Death Echo,nan,nan,0,2111
Threshhold Editions,nan,nan,The Overton Window,nan,"New York, USA",0,661
G. P. Putnam's Sons,813/.54,nan,Whiplash,nan,New York,0,2810
Bantam Books,813/.54,nan,Frankenstein,nan,New York,7,2445
Morrow,nan,nan,Lowcountry Summer,nan,nan,0,2298
Random House,813/.54,nan,Spies of the Balkans,nan,New York,0,1875
Alfred A. Knopf,813/.54,nan,Imperial bedrooms,169,New York,86,1375
Gallery Books,813/.54,nan,That perfect someone,nan,New York,63,2199
St. Martin's Press,nan,nan,Sizzling Sixteen,nan,nan,0,257
Delacorte Press,813/.54,nan,Family ties,322,New York,0,2603
Baen Books,813/.54,nan,Mission of honor,nan,"Riverdale, NY",0,1793
Delacorte Books,813/.54,nan,Broken,nan,New York,9,1767
"Little, Brown and Co.",813/.54,nan,Private,385,New York,46,2518
Atria Books,nan,nan,Foreign Influence (Scot Harvath),nan,nan,1,2515
Ballantine Books,nan,nan,Ice Cold,336,nan,0,16
Henry Holt and Co.,813/.54,nan,In the name of honor,nan,New York,0,2052
Random House,823/.914,nan,The thousand autumns of Jacob De Zoet,nan,New York,6,2123
G.P. Putnam's Sons,813/.54,nan,The search,nan,New York,1,2553
"Little, Brown and Co.",813/.54,nan,The island,nan,New York,29,1649
Berkley Hardcover,nan,nan,"Undead and Unfinished (Queen Betsy, Book 9)",320,nan,0,2779
St. Martin's Press,813/.6,nan,Still missing,342,New York,1,1810
Atria Books,nan,nan,Fly Away Home,nan,nan,0,2632
Simon & Schuster,813/.54,nan,The glass rainbow,nan,New York,10,2241
Viking,823/.92,nan,Faithful Place,400,"New York, USA",92,2907
Bantam Books,813/.54,nan,Live to tell,nan,New York,0,2044
Doubleday,813/.54,nan,Rules of betrayal,372,New York,41,2190
Putnam,nan,nan,The Rembrandt Affair (Gabriel Allon #10),nan,nan,0,256
Del Rey,nan,nan,Fatal Alliance (Star Wars: The Old Republic),nan,nan,0,17
St. Martin's Press,813/.54,nan,Shadow zone,372,New York,0,2221
Forge,813/.6,nan,A dog's purpose,319,New York,0,1604
Knopf,nan,nan,Star Island,nan,nan,0,1759
Random House,813/.6,nan,Super sad true love story,334,New York,0,1776
William Morrow,813/.54,nan,Queen of the night,nan,New York,0,1427
Dutton Adult,nan,nan,"Waking the Witch (Women of the Otherworld, Book 11)",320,nan,0,0
Dial Press,813/.54,nan,The cookbook collector,nan,New York,48,1365
Touchstone,nan,nan,The Red Queen (War of the Roses #2),nan,nan,0,258
Ace,nan,nan,Death's Excellent Vacation,nan,nan,0,0
Minotaur Books,nan,nan,Burn (Anna Pigeon #16),nan,nan,0,1340
Atria Books,813/.54,nan,Scarlet nights,nan,New York,0,2374
G.P. Putnam's Sons,813/.54,nan,In harm's way,nan,New York,2,1747
Simon & Schuster,nan,nan,Tough Customer,nan,nan,0,1018
Ballantine Books,nan,nan,Veil of Night,nan,nan,0,422
Putnam,nan,nan,The Vigilantes,nan,nan,4,460
Hyperion,nan,nan,Death on the D-List,nan,nan,0,0
Putnam Adult,nan,nan,Cure,nan,nan,0,0
"Little, Brown and Co.",813/.54,nan,The postcard killers,nan,New York,5,1549
Putnam,nan,nan,The Cobra,nan,nan,0,1841
Simon & Schuster,nan,nan,Three Stations,352,nan,0,1883
Simon & Schuster,nan,nan,Last Night at Chateau Marmont,384,nan,0,1847
Putnam,nan,nan,Crossfire,nan,nan,0,259
William Morrow,nan,nan,I'd Know You Anywhere,nan,nan,0,659
Dutton,nan,nan,The Last Lie,nan,nan,0,257
Dutton Adult,nan,nan,Tempted by Trouble,400,nan,0,257
Scribner,nan,nan,Spider Bones (Temperance Brennan #13),nan,nan,0,2175
Del Rey,nan,nan,Bearers of the Black Staff (Legends of Shannara #1),nan,nan,0,258
Ballantine Books,813/.6,nan,Juliet,nan,New York,1,1384
Berkley Hardcover,nan,nan,Dark Peril (Carpathian),nan,nan,0,660
Putnam,nan,nan,Lost Empire (Fargo #2),nan,nan,0,426
Tor,nan,nan,The Way of Kings,1008,nan,0,0
Putnam,nan,nan,Body Work (V.I. Warshawski #14),nan,nan,0,2102
St. Martin's,nan,nan,Maybe This Time,nan,nan,0,2468
St. Martin's Press,nan,nan,No Mercy (Dark-Hunter Novels),448,nan,1,1669
Viking,813/.54,nan,Getting to happy,nan,New York,1,2029
Spiegel & Grau,813/.6,nan,Ape house,nan,New York,0,1343
Putnam,nan,nan,Zero History,nan,nan,0,1604
Roc Hardcover,nan,nan,The High King of Montival,nan,nan,0,1612
Doubleday,nan,nan,Dexter Is Delicious,nan,nan,0,1715
Grand Central Publishing,nan,nan,Safe Haven,nan,nan,0,2487
St. Martin's Press,nan,nan,Wicked Appetite,nan,nan,0,2459
William Morrow,nan,nan,Warlord,nan,nan,0,258
"Little, Brown and Co.",823/.914,nan,Room,321,New York,1,2497
Tyndale House Publishers,nan,nan,Her Daughter's Dream,nan,nan,0,1628
St. Martin's Press,nan,nan,A Secret Kept,nan,nan,0,256
G.P. Putnam's Sons,nan,nan,Bad Blood,nan,nan,0,2267
Dial Press,nan,nan,Mini-Shopaholic,nan,nan,0,1791
William Morrow,813/.6,nan,The fall,nan,New York,0,1779
G.P. Putnams Sons,nan,nan,Santa Fe Edge,nan,nan,0,1607
HarperOne,nan,nan,Muhammad: A Story of the Last Prophet,nan,nan,0,258
Dutton,823/.914,nan,Fall of giants,nan,New York,0,1444
"Little, Brown and Co.",813/.54,nan,Don't Blink,376,New York,38,2828
"Little, Brown and Company",nan,nan,Squirrel Seeks Chipmunk,176,nan,0,257
Hyperion,nan,nan,Naked Heat,240,"New York, USA",0,255
Delacorte Press,813/.54,nan,Legacy,326,New York,14,2738
Mira Books,nan,nan,Call Me Mrs. Miracle,nan,nan,0,402
HarperCollins Publishers,nan,nan,The Fort,nan,nan,0,0
Tor,nan,nan,Out of the Dark,nan,nan,0,0
"Little, Brown",nan,nan,The Reversal,nan,nan,0,1976
G.P. Putnams Sons,nan,nan,Painted Ladies,nan,nan,0,2424
Simon & Schuster,nan,nan,Promise Me,nan,nan,0,167
Wizards of the Coast,nan,nan,Gauntlgrym,nan,nan,0,0
G.P. Putnams Sons,nan,nan,A Valcourt Heiress,nan,nan,0,255
Pocket Books,nan,nan,American Assassin,nan,nan,0,826
Viking,nan,nan,Our Kind of Traitor,nan,nan,0,1765
Houghton Mifflin Harcourt,nan,nan,Nemesis,nan,nan,0,1738
Delacorte Press,nan,nan,Worth Dying For,nan,nan,0,826
Viking,nan,nan,In the Company of Others,nan,nan,0,167
Tyndale,nan,nan,The Twelfth Imam,nan,nan,3,1468
St. Martin's Press,nan,nan,Chasing the Night,nan,nan,0,2618
G.P. Putnams Sons,nan,nan,Against All Things Ending,nan,nan,0,1370
Dutton,nan,nan,The Templar Salvation,nan,nan,0,424
Baen,nan,nan,Cryoburn,nan,nan,0,1788
Knopf Doubleday Publishing Group,nan,nan,The Confession,nan,nan,0,2163
Roc/New American Library,nan,nan,Side Jobs,nan,nan,0,0
Gallery Books,813/.54,nan,The shattering,328,New York,0,1379
St. Martin's Press,nan,nan,Christmas Eve at Friday Harbor,nan,nan,0,402
Tor,813/.54,nan,Towers of midnight,nan,New York,0,1994
Putnam,nan,nan,Indulgence in Death,384,nan,118,2433
William Morrow,nan,nan,Moonlight Mile,nan,nan,0,2031
Simon & Schuster,nan,nan,Edge,nan,nan,0,1904
"Farrar, Straus and Giroux",813/.54,nan,Freedom,562,"New York, USA",72,2766
Grand Central Pub.,nan,nan,Hell's Corner,nan,nan,0,2042
Scribner,813/.54,nan,"Full Dark, No Stars",368,"New York, USA",56,1225
Random House Inc,nan,nan,I Still Dream About You,nan,nan,0,1803
Atria Books,823/.92,nan,The distant hours,nan,New York,60,1433
Thomas Dunne,nan,nan,Valley Forge,nan,nan,0,0
"Little, Brown and Co.",813/.54,nan,Cross fire,nan,New York,20,2067
G. P. Putnam's Sons,813'.54,nan,Crescent Dawn,548,New York,0,658
Ballantine Books,nan,nan,The Emperor's Tomb,nan,nan,0,1419
Atria Books,nan,nan,The Athena Project,nan,nan,0,1869
Grand Central Pub.,813/.54,nan,An object of beauty,nan,New York,0,1354
G.P. Putnam's Sons,nan,nan,Port Mortuary,nan,nan,0,2159
"Little, Brown and Co.",nan,nan,Rescue,nan,nan,0,1897
Del Rey,nan,nan,Vortex (Star Wars: Fate of the Jedi),nan,nan,0,0
Penguin Group USA,nan,nan,Dead or Alive,nan,nan,0,2115
Bantam,nan,nan,What the night knows,nan,New York,0,2723
G.P. Putnams Sons,nan,nan,The Outlaws,nan,nan,0,1808
Dutton,nan,nan,Secrets to the Grave,nan,nan,0,402
G.P. Putnam's Sons,nan,nan,In Too Deep,nan,nan,0,1348
Simon & Schuster,nan,nan,Dead Zero,nan,nan,0,255
Silver Oak,nan,nan,Three Seconds,496,nan,0,402
Dutton,nan,nan,Damage,nan,nan,0,2466
Putnam,nan,nan,The Judas Gate,nan,nan,0,1593
Tor,nan,nan,Halo Cryptum,nan,nan,0,1366
Grand Central Pub.,813/.54,nan,The inner circle,nan,New York,20,2661
G. P. Putnam's Sons,813/.54,nan,The sentry,nan,New York,66,2418
Gallery Books,813/.6,nan,Left neglected,nan,New York,0,1798
Viking,813/.54,nan,The lake of dreams,nan,New York,38,2243
Random House Inc,nan,nan,Shadowfever : A Mackayla Lane Novel,nan,nan,0,0
G.P. Putnam's Sons,813/.54,nan,Strategic moves,nan,New York,41,2549
HarperCollins,nan,nan,Call Me Irresistible,nan,nan,0,1799
"Little, Brown and Co.",nan,nan,Tick Tock,nan,nan,0,1639
Shaye Areheart Books,813/.54,nan,The Red Garden,nan,New York,25,1364
William Morrow,813/.54,nan,Electric Barracuda,nan,New York,13,1337
Putnam Adult,nan,nan,The weird sisters,nan,nan,0,22
Simon & Schuster,813/.54,nan,Fatal error,nan,New York,7,1599
Penguin Group USA,nan,nan,Blackveil,nan,nan,0,1356
Minotaur Books,nan,nan,Though not dead : a Kate Shugak novel,nan,nan,0,0
Viking,813/.6,nan,A Discovery of Witches,nan,New York,0,1841
Penguin Group USA,nan,nan,The Secret Soldier,nan,nan,0,0
"Random House Publishing Group, bantam books paperback edition",nan,nan,A Red Herring Without Mustard,432,"New York, USA",0,402
Alfred A. Knopf,nan,nan,Swamplandia!,316,New York,2,1730
St. Martin's Press,nan,nan,A heartbeat away,nan,nan,0,1765
Grand Central,nan,nan,The Twelfth Insight,nan,nan,0,1739
G.P. Putnam's Sons,813/.54,nan,Treachery in death,nan,New York,117,2501
Eos,nan,nan,Pale Demon,nan,nan,0,1416
Grand Central Pub.,813/.54,nan,Gideon's sword,nan,New York,0,2044
Dutton,813/.54,nan,The Union quilters,nan,New York,5,1865
Ballantine Books,813/.54,nan,The Paris wife,nan,New York,54,1604
Penguin Group USA,nan,nan,Night Vision,nan,nan,0,1460
Kensington Pub Corp,nan,nan,Devil's Food Cake Murder,nan,nan,0,0
DAW Books,nan,nan,The Wise Man's Fear,nan,"New York, USA",5,1814
Atria Books,813/.54,nan,Sing you home,nan,New York,0,2451
Ace,nan,nan,River Marked,nan,nan,0,662
Knopf,nan,nan,Minding Frankie,nan,nan,0,1797
Roc,nan,nan,Twilight's dawn : a black jewels book,nan,nan,0,0
Minotaur Books,813/.6,nan,The night season,nan,New York,12,1468
Penguin Group USA,nan,nan,The Jungle,nan,nan,0,0
Random House Inc.,nan,nan,Love You More: A Detective D. D. Warren Novel,nan,nan,0,263
Dutton Adult,nan,nan,Silent Mercy,nan,nan,0,2214
The Dial Press,813/.6,nan,The tiger's wife,nan,New York,0,2233
Viking Adult,823,nan,One of our Thursdays is missing,nan,"New York, New York, USA",0,14
"Academia, the Centre for Islamic, Near, and Middle Eastern Studies, Planning & Publication",297/.8/0954,nan,Islamic resurgent movements in the Indo-Pak subcontinent during the eighteenth and nineteenth centuries,370,"Durban, South Africa",3,88
"Little, Brown and Co.",813/.54,nan,Toys,364,New York,0,2589
Shaye Areheart Books,813/.6,nan,The informationist,nan,New York,2,1485
Penguin Group USA,nan,nan,Live Wire,nan,nan,0,256
Pantheon Books,823/.914,nan,The Saturday big tent wedding party,213,New York,4,2450
St. Martin's Press,813/.54,nan,Night road,nan,New York,0,2040
Harper,nan,nan,A Lesson in Secrets,nan,nan,125,0
Putnam Adult,nan,nan,Cold Wind,nan,nan,0,0
Bantam Books,nan,nan,The peach keeper : a novel,nan,nan,0,0
Random House Inc.,nan,nan,Breaking the Rules : A Novel,nan,nan,0,0
Random House Inc.,nan,nan,The Old Republic : Deceived,nan,nan,0,0
Atlantic Monthly Press,813/.54,nan,Drawing conclusions,260,New York,13,1925
Crown,nan,nan,The Land of Painted Caves,nan,nan,4,2050
Penguin Group USA,nan,nan,Lover Unleashed : A Novel of the Black Dagger Brotherhood,nan,nan,0,1637
Ballantine Books,nan,nan,Mystery : An Alex Delaware Novel,nan,nan,0,1879
Knopf,nan,nan,The troubled man,nan,nan,0,1996
St. Martin's Press,nan,nan,Sweet Valley confidential : ten years later,nan,nan,0,402
"Little, Brown",nan,nan,The Pale King,nan,nan,0,1336
Kensington Books,nan,nan,Devious,nan,nan,0,2622
Little Brown & Co,nan,nan,The Fifth Witness,nan,nan,0,2456
Simon & Schuster,nan,nan,I'll walk alone : a novel,nan,nan,0,256
Delacorte Press,813/.54,nan,44 Charles Street,319,New York,1,2723
Simon & Schuster,nan,nan,Miles to Go,nan,nan,0,0
William Morrow,813/.54,nan,Crunch time,nan,New York,0,1601
Hyperion,813/.6,nan,The secret life of Damian Spinelli,nan,New York,0,1425
Scribner,nan,nan,Mobbed: A Regan Reilly Mystery,nan,nan,0,2214
G.P. Putnam's Sons,813/.54,nan,Chasing fire,472,New York,7,2353
St. Martin's Press,nan,nan,Save Me,nan,nan,0,2028
Knopf,nan,nan,Please Look After Mom,nan,nan,1,1424
Atria Books,813/.54,nan,Midnight and the meaning of love,613,New York,0,2175
Bantam,nan,nan,"Hiss of Death
            
                Mrs Murphy Mysteries Hardcover",nan,nan,0,1382
Grand Central Publishing,nan,nan,The Sixth Man,nan,nan,0,2621
G.P. Putnam's Sons,813/.54,nan,Quicksilver,342,New York,79,1672
St. Martin's Press,nan,nan,Eve,nan,nan,0,2645
Center Street,nan,nan,The Priest's Graveyard,nan,"New York, NY",0,1743
Penguin Group USA,nan,nan,Bel Air Dead,nan,nan,0,1866
Mira,813/.54,nan,A turn in the road,333,"Don Mills, Ont",13,1414
Grand Central Pub.,nan,nan,Born of Shadows,nan,nan,0,1385
Ace Books,813/.6,nan,Beyond the frontier,356,New York,0,1520
Kensington Pub. Corp.,813/.54,nan,Southern Comfort,248,"New York, USA",13,2265
Ace Hardcover,nan,nan,Dead reckoning : a Sookie Stackhouse novel,nan,nan,0,2089
"Little, Brown and Company",nan,nan,10th Anniversary (women's murder club),nan,nan,0,2555
G.P. Putnam's Sons,813/.54,nan,Sixkill,293,New York,13,2708
Viking,823/.914,nan,Caleb's crossing,306,New York,61,1739
New American Library,813/.6,nan,If you were here,306,New York,10,1351
Baen Books,813/.54,nan,The hot gate,399,"Riverdale, NY",0,1510
G. P. Putnam's Sons,813/.54,nan,Buried prey,nan,New York,27,2300
Knopf,nan,nan,The Snowman,nan,nan,0,2579
Thomas Dunne Books/St. Martin's Press,823/.914,nan,Those in peril,385,New York,0,1601
St. Martin's Press,nan,nan,2030,384,nan,0,402
William Morrow & Co.,nan,nan,A Time for Patriots,nan,nan,0,1348
Ballantine Books,813/.6,nan,The Jefferson key,nan,New York,0,1595
Ballantine Books,813/.54,nan,The final storm,446,New York,1,1353
Ballantine Books,823/.914,nan,Embassytown,345,New York,0,1373
Del Rey/Ballantine Books,813/.6,nan,Conviction,380,New York,0,1385
Free Press,813/.6,nan,Long drive home,nan,New York,0,2059
Random House,813/.54,nan,Dreams of joy,354,New York,6,1461
Berkley Sensation,823/.92,nan,Kiss of snow,415,New York,0,2187
William Morrow,813/.54,nan,Trader of secrets,nan,New York,0,1358
W.W. Norton & Co.,813/.54,nan,Bloodmoney,nan,New York,1,1485
Penguin,nan,nan,Hit List,nan,nan,0,1394
G. P. Putnam's Sons,813/.54,nan,The kingdom,nan,New York,0,2295
Harper,813/.54,nan,The story of wonder,nan,New York,0,1781
St. Martin's Press,813/.54,nan,Summer rental,nan,New York,1,1389
Doubleday,nan,nan,Robopocalypse,nan,nan,0,1338
G.P. Putnam's Sons,813/.54,nan,Against all enemies,756,New York,5,2100
Grand Central Publishing,nan,nan,One Summer,nan,nan,0,2299
William Morrow,nan,nan,Folly Beach,nan,nan,0,1351
Simon & Schuster,nan,nan,Carte Blanche,nan,nan,0,1773
Random House,813/.6,nan,Sisterhood everlasting,349,New York,0,1410
Alfred A. Knopf,813/.6,nan,Maine,388,New York,7,1668
HarperCollins,nan,nan,Before I Go to Sleep,nan,nan,0,1643
Bantam,nan,nan,Smokin' Seventeen,nan,nan,0,2704
William Morrow,nan,nan,The Devil Colony,496,nan,0,1430
Reagan Arthur,nan,nan,Silver Girl,nan,nan,3,1672
Delacorte Books,813/.54,nan,Fallen,387,New York,9,1687
"Little, Brown and Co.",813/.54,nan,Now you see her,383,New York,81,2340
"Sarah Crichton Books/Farrar, Straus and Giroux",833/.92,nan,The hypnotist,503,New York,0,1748
Ballantine Books,813/.54,nan,The silent girl,318,New York,0,1810
William Morrow,813/.54,nan,Betrayal of trust,nan,New York,5,1819
Doubleday,nan,nan,Escape,nan,nan,0,1340
Spectra,nan,nan,A Dance with Dragons,nan,nan,0,1802
Atria Books,813/.6,nan,Then came you,338,New York,0,2186
St. Martin's Griffin,nan,nan,Quinn,nan,nan,0,1731
St. Martin's Press,nan,nan,Iron House,nan,nan,0,255
Harper,813/.6,nan,Portrait of a spy,nan,New York,0,2098
Delacorte Press,813/.54,nan,Happy birthday,339,New York,0,2645
G. P. Putnam's Sons,813/.54,nan,Split second,nan,New York,0,2514
Grand Central Pub.,813/.54,nan,Robert Ludlum's The Bourne dominion,421,New York,0,2439
Grand Central,nan,nan,Burnt Mountain,nan,nan,0,1658
Del Rey/Ballantine Books,813/.54,nan,Choices of one,366,New York,0,1368
Penguin Group USA,nan,nan,Ghost Story : A Novel of the Dresden Files,nan,nan,0,257
Atria Books,813/.6,nan,Full black,382,New York,0,1686
Viking,813/.6,nan,Rules of civility,335,New York,119,1400
Dutton,813/.6,nan,Spell bound,nan,New York,0,1606
G. P. Putnam's Sons,823/.914,nan,Dick Francis's gamble,nan,New York,22,1884
Grand Central Pub.,813/.54,nan,Cold vengeance,356,New York,0,2054
St. Martin's Press,813/.54,nan,Retribution,347,"New York, USA",4,1396
Minotaur Books,813/.54,nan,Back of beyond,372,New York,15,1651
Dutton,813/.54,nan,The ideal man,nan,New York,4,1807
G. P. Putnam's Sons,813/.54,nan,Victory and honor,nan,New York,35,1695
Del Rey/Ballantine Books/Lucasbooks,813/.54,nan,Ascension,410,New York,0,1341
Viking,813/.54,nan,The magician king,nan,New York,0,1628
St. Martin's Press,nan,nan,The Omen Machine,nan,nan,0,1593
Scribner,813/.54,nan,Flash and bones,nan,New York,13,2583
Ballantine Books,813/.54,nan,The measure of the magic,nan,New York,0,1644
Ballantine,nan,nan,The Language of Flowers,nan,nan,15,1760
"Little, Brown and Company",nan,nan,Kill Me If You Can,nan,nan,0,1610
Ace Books,813/.54,nan,The Sookie Stackhouse companion,nan,New York,0,1655
Minotaur Boooks,813/.6,nan,A trick of the light,nan,New York,2,2206
St. Martin's Press,813/.54,nan,The leftovers,nan,New York,0,1629
St. Martin's Press,823/.914,nan,Only time will tell,nan,New York,84,1804
Atria Books,813/.54,nan,Northwest angle,nan,New York,0,2183
G. P. Putnam's Sons,813/.54,nan,The race,nan,New York,0,2192
Berkley Books,813/.6,nan,Dark Predator,372,"New York, USA",3,1377
Ballantine Books,813/.54,nan,Prey,323,New York,7,1339
"Little, Brown and Co.",813/.6,nan,The Art of Fielding,512,"New York, USA",7,2014
Bantam Books,813/.54,nan,Pirate king,304,New York,88,2614
Roc,813/.54,nan,The tears of the sun,nan,New York,0,0
G. P. Putnam's Sons,813/.54,nan,New York to Dallas,nan,New York,117,2893
Doubleday,nan,nan,The Night Circus,nan,New York,0,1596
St. Martin's Press,813/.6,nan,Abuse of power,nan,New York,0,1648
G. P. Putnam's Sons,813/.6,nan,Robert B. Parker's Killing the blues,nan,New York,25,1633
Tor,813/.54,nan,How Firm a Foundation,nan,New York,0,261
St. Martin's Press,823/.914,nan,Goddess of vengeance,nan,New York,1,1596
Center Street,nan,nan,Forbidden,nan,New York,0,1354
Hyperion,813/.6,nan,Heat rises,nan,New York,117,1947
Grand Central Pub.,813/.54,nan,Lethal,472,New York,0,1602
William Morrow,813/.54,nan,Reamde,1044,nan,0,1594
Putnam Adult,813/.54,nan,Son of Stone,306,New York,41,1710
Delacorte Press,813/.54,nan,The affair,nan,New York,6,2722
MIRA,813/.54,nan,1225 Christmas Tree lane,283,"Don Mills, Ontario",0,1769
Simon & Schuster,nan,nan,Feast Day of Fools,nan,nan,0,1643
Alfred A. Knopf,nan,nan,Aleph,nan,nan,0,1612
Random House,813/.54,nan,Nightwoods,nan,New York,13,1687
Mira,[Fic],nan,An O'Brien Family Christmas,282,"Don Mills, Ont",4,1816
HQN,813/.54,nan,A lawman's Christmas,249,"Don Mills, Ont",14,1359
G.P. Putnam's Sons,813/.54,nan,Shock wave,388,New York,17,1612
Atria Books,813/.54,nan,Survivors,nan,New York,0,1792
Wizards of the Coast,813/.54,nan,Neverwinter,346,"Renton, WA",0,1348
Scribner,813/.54,nan,The dovekeepers,nan,New York,2,1661
G. P. Putnam's Sons,813/.54,nan,Lionheart,nan,New York,25,1676
Crown Trade,813/.54,nan,The night strangers,nan,New York,2,2036
Grand Central Publishing,nan,nan,The Best of Me,nan,nan,0,1597
"Farrar, Straus & Giroux",nan,nan,The Marriage Plot,nan,nan,0,1665
Harper,823/.914,nan,Snuff,nan,New York,0,1613
Thomas Dunne Books,813/.6,nan,The walking dead,nan,New York,0,292
"Little, Brown and Co.",813/.54,nan,The Christmas wedding,266,New York,0,1662
St. Martin's Press,813/.54,nan,Bonnie,nan,New York,0,1703
Doubleday,[E],nan,Damned,247,New York,46,1358
Alfred A. Knopf,823/.914,nan,The sense of an ending,nan,New York,0,1634
Tyndale House Publishers,813/.6,nan,The Tehran initiative,nan,"Carol Stream, Ill",40,1682
Touchstone,nan,nan,The Lady of the Rivers,nan,nan,25,2079
Doubleday,813/.54,nan,Double Dexter,337,New York,2,2394
Doubleday,813/.54,nan,Zone one,nan,New York,0,1602
Doubleday,nan,nan,The Litigators,nan,nan,0,1808
Alfred A. Knopf,895.6/35,nan,1Q84,nan,New York,0,1776
Threshold Editions,813/.6,nan,The snow angel,nan,New York,0,1601
William Morrow,813/.6,nan,Night eternal,nan,New York,38,2035
Grand Central Pub.,813/.54,nan,Zero day,nan,New York,0,2360
Delacorte Press,813/.54,nan,Hotel Vendome,323,New York,0,2600
Simon & Schuster,813/.54,nan,Lost December,nan,New York,0,257
William Morrow,813/.54,nan,Out of Oz,568,New York,0,2591
Dutton,813/.54,nan,The wedding quilt,nan,"New York, N.Y",0,1624
Delacorte Press,813/.6,nan,I am half-sick of shadows,297,New York,59,2103
Scribner,813/.54,nan,11/22/63,849,New York,39,1747
nan,813/.6,nan,The Alloy of Law,332,New York,0,1385
Houghton Mifflin Harcourt,853/.914,nan,The Prague cemetery,444,Boston,0,1448
"Little, Brown and Co.",813/.54,nan,Kill Alex Cross,364,New York,20,2795
G.P. Putnam's Sons,813/.54,nan,"""V"" is for vengeance",nan,New York,46,1921
G.P. Putnam's Sons,813/.54,nan,Devil's gate,nan,New York,0,1713
Del Rey/Ballantine Books,813/.6,nan,Revan,298,New York,0,1385
Bantam Books,813/.54,nan,Explosive eighteen,nan,New York,15,1608
Harper,813/.54,nan,Micro,429,New York,4,1337
"Little, Brown and Company",nan,nan,The Drop,nan,nan,0,1948
Delacorte Press,813/.54,nan,The Scottish prisoner,nan,New York,0,1992
G.P. Putnam's Sons,813/.54,nan,Red mist,nan,New York,38,1598
Alfred A. Knopf,nan,nan,Death comes to Pemberley,291,New York,1,2040
G.P. Putnam's Sons,813/.54,nan,Locked on,853,New York,0,1335
Bantam Books,813/.54,nan,77 Shadow Street,nan,New York,0,1600
Dutton,813/.54,nan,Down the darkest road,nan,New York,1,1698
G.P. Putnam's Sons,813/.54,nan,Covert warriors,372,New York,0,1410
G. P. Putnam's Sons,813/.54,nan,D.C. dead,nan,New York,20,1740
"Little, Brown and Co.",813/.54,nan,Private,432,New York,46,1668
St. Martin's Press,813/.54,nan,Love in a nutshell,nan,New York,0,258
G.P. Putnam's Sons,823/.914,nan,A devil is waiting,nan,New York,79,1694
Dutton,813/.54,nan,The hunter,387,New York,15,1413
Tor Books,813,nan,Halo,379,New York,0,1367
Dutton,813/.54,nan,Believing the lie,nan,New York,59,1725
Grand Central Pub.,813/.54,nan,Gideon's corpse,355,New York,0,1336
Del Rey/Ballantine Books,813/.54,nan,Star Wars,379,New York,0,1383
Putnam Adult,813/.54,nan,Copper Beach,nan,New York,0,1594
Gallery Books,813/.6,nan,Lothaire,nan,New York,0,1633
HarperCollins,nan,nan,Death of Kings,nan,nan,0,1676
William Morrow,813/.54,nan,Raylan,nan,New York,0,1594
Tor,813/.54,nan,Shadows in flight,nan,New York,0,255
Minotaur Books,813/.54,nan,The rope,nan,New York,1,1621
G. P. Putnam's sons,813/.54,nan,Taken,341,New York,0,1342
Delacorte Press,813/.6,nan,Darker after midnight,nan,New York,0,1640
William Morrow,813/.54,nan,Pineapple grenade,342,New York,13,2184
St. Martin's Press,813/.54,nan,Home front,nan,New York,0,437
Delacorte Press,nan,nan,Defending Jacob,nan,nan,25,2511
Alfred A. Knopf,823/.914,nan,The fear index,nan,New York,1,1664
Random House,813/.6,nan,The Orphan Master's Son,nan,"New York, USA",2,2309
Emily Bestler Books/Atria,813/.54,nan,Kill shot,nan,New York,0,2095
Dutton,813/.54,nan,Catch me,nan,New York,13,1877
Touchstone,813/.54,nan,Left for dead,nan,New York,8,1987
William Morrow & Co.,813/.54,nan,No mark upon her,369,New York,100,1792
"Little, Brown and Co.",813/.54,nan,Private Games,448,New York,0,1713
Alfred A. Knopf,813/.54,nan,The wolf gift,nan,New York,0,1673
Dial Press,823/.914,nan,I've Got Your Number,nan,New York,59,1622
St. Martin's Press,823/.914,nan,The house I loved,nan,New York,19,1746
Grand Central Pub.,813/.54,nan,Robert Ludlum's The Janson command,nan,New York,0,1722
St. Martin's Press,813/.54,nan,Oath of office,nan,New York,0,1664
Minotaur Books,813/.54,nan,Restless in the grave,nan,New York,1,2084
G. P. Putnam's Sons,813/.54,nan,Celebrity in Death,389,"New York, USA",79,2124
Harper Voyager,813/.6,nan,A perfect blood,438,New York,0,1434
Putnam,nan,nan,The Shadow Patrol,nan,nan,0,1767
Dutton,813/.54,nan,Sonoma Rose,nan,"New York, N.Y",46,1613
Atria,nan,nan,Lone Wolf,nan,nan,0,1614
Ballantine Books,813/.54,nan,Victims,nan,New York,66,1816
Kensington Books,813/.54,nan,Cinnamon Roll Murder,333,"New York, USA",17,1734
Simon & Schuster,813/.6,nan,Trail of the Spellmans,nan,New York,0,1674
G.P. Putnam's Sons,813/.54,nan,The thief,nan,New York,0,1598
Baen,813/.54,nan,A rising thunder,nan,"Riverdale, NY",0,1758
Ace Books,813/.6,nan,Fair game,nan,New York,0,1553
G. P. Putnam's Sons,813/.54,nan,Chasing midnight,nan,New York,13,1363
Crown,813/.6,nan,The Expats,326,New York,1,1421
Del Rey/Ballantine Books,813/.6,nan,Crucible of gold,nan,New York,0,1519
Berkley Prime Crime,813/.6,nan,Agony of the leaves,301,New York,8,1691
Grand Central Pub.,813/.6,nan,Monday mornings,nan,New York,0,1572
St. Martin's Press,823/.914,nan,Another piece of my heart,nan,New York,15,1358
Minotaur Books,nan,nan,An American spy,nan,New York,79,1408
Harper Voyager,813/.54,nan,A crown imperilled,nan,New York,0,1337
Dutton,813/.54,nan,Stay close,387,New York,0,1627
G. P. Putnam's Sons,813/.54,nan,Force of nature,nan,New York,6,1650
William Morrow,813/.6,nan,Phantom,nan,New York,0,1433
Ballantine Books,813/.54,nan,Born to darkness,nan,New York,0,1444
Scribner,813/.54,nan,Fall from grace,nan,New York,1,1670
New American Library,813/.6,nan,Lover reborn,nan,New York,0,1377
"Little, Brown and Co.",813/.54,nan,Guilty wives,nan,New York,2,1655
Delacorte Press,813/.54,nan,Betrayal,336,New York,0,1345
Harper,823/.92,nan,Elegy for Eddie,335,New York,105,1819
St. Martin's Press,813/.54,nan,Letter from a stranger,nan,New York,0,1386
Simon & Schuster,813/.54,nan,The lost years,nan,New York,0,1622
William Morrow,813/.54,nan,Sacre bleu,nan,New York,12,1462
Pantheon,823/.914,nan,The Limpopo Academy of Private Detection,nan,New York,4,1423
HarperCollins,813/.54,nan,The shoemaker's wife,475,New York,38,1381
Alfred A. Knopf,813/.54,nan,The beginner's goodbye,nan,New York,0,1392
Atlantic Monthly Press,813/.54,nan,Beastly things,296,New York,13,1922
Simon & Schuster,nan,nan,Gypped,202,New York,86,1399
Bantam Books,813/.54,nan,The big cat nap,nan,New York,7,1440
Ballantine Books,823/.914,nan,Dorchester Terrace,nan,New York,100,1552
Harper,813/.54,nan,Capitol murder,342,New York,20,1651
Doubleday,813/.54,nan,Calico Joe,198,New York,0,1391
St. Martin's Press,813/.54,nan,Come home,nan,New York,0,1626
"Little, Brown and Co.",813/.6,nan,The lifeboat,nan,New York,0,1364
Ecco,nan,nan,The Cove,nan,nan,0,1360
Grand Central Pub.,813/.54,nan,The innocent,nan,New York,0,1548
G. P. Putnam's Sons,813/.54,nan,The witness,nan,New York,0,2255
G. P. Putnam's Sons,813/.54,nan,Unnatural acts,nan,New York,41,1531
Marian Wood Books,823/.914,nan,Prague fatale,nan,New York,2,1499
Scribner,813/.54,nan,The wind through the keyhole,nan,New York,0,1342
Putnam Adult,nan,nan,Crystal Gardens,nan,nan,0,0
Delacorte Press,813/.6,nan,Into the Dreaming,253,"New York, USA",7,1376
Ace Books,813/.54,nan,Deadlocked,nan,New York,0,1610
G.P. Putnam's Sons,813/.6,nan,Robert B. Parker's lullaby,nan,New York,47,1723
Grand Central Pub.,813/.54,nan,The reverend's wife,nan,New York,6,1344
Grand Central Pub.,813/.54,nan,Born of silence,614,New York,0,1381
Touchstone/Simon & Schuster,813/.6,nan,Skinnydipping,nan,New York,0,1341
"Little, Brown and Co.",nan,nan,11th hour,nan,New York,71,1690
Henry Holt and Co.,823/.914,nan,Bring Up the Bodies,412,"New York, USA",66,1990
Simon & Schuster,813/.54,nan,The road to grace,nan,New York,35,1390
Simon & Schuster,nan,nan,In One Person,nan,New York,0,1358
Knopf,813/.54,nan,Home,nan,New York,9,1398
St. Martin's Press,823/.914,nan,The sins of the father,nan,New York,94,1532
Forge,813/.6,nan,A dog's journey,nan,New York,0,1348
Grand Central Pub.,813/.54,nan,The family Corleone,436,New York,38,1352
G.P. Putnam's Sons,813/.54,nan,Stolen prey,nan,New York,23,1585
Ballantine Books,813/.6,nan,The Columbus affair,nan,New York,0,1366
Viking,813/.6,nan,As the crow flies,nan,New York,8,1351
Ecco Press,813/.54,nan,Canada,420,New York,38,1412
Orbit,813/.54,nan,2312,nan,New York,0,177
G.P. Putnam's Sons,813/.54,nan,The storm,nan,New York,0,1343
Ballantine Books,813/.54,nan,A blaze of glory,nan,New York,0,1420
Atria Books,813/.54,nan,Istanbul passage,nan,"New York, NY",4,1415
BERKLEY BOOKS,nan,nan,Tangle of Need,nan,nan,0,1341
Berkley Books,813/.54,nan,Kiss the dead,nan,New York,0,1479
Crown Publishers,813/.6,nan,Gone Girl,419,"New York, USA",9,1859
St. Martin's Press,813/.54,nan,Spring fever,nan,New York,0,1381
Grand Central Pub.,813/.54,nan,Robert Ludlum's The Bourne imperative,nan,New York,0,1436
Tor,813/.6,nan,Redshirts,nan,New York,0,1356
Simon & Schuster,813/.54,nan,XO,nan,New York,0,1423
Alfred A. Knopf,813/.6,nan,Seating arrangements,nan,New York,0,1342
Bantam Books,813/.54,nan,Wicked business,nan,New York,1,1358
Harper,823/.914,nan,The long earth,336,New York,1,1346
McSweeney's Books,813/.6,nan,A hologram for the king,312,San Francisco,36,1403
G.P. Putnam's Sons,813/.54,nan,The risk agent,nan,New York,1,1334
HarperCollins,nan,nan,Bloodline,464,nan,0,1400
"Reagan Arthur Books/Little, Brown and Co.",813/.54,nan,Summerland,nan,New York,0,1402
Random House,813/.6,nan,The Age of Miracles,284,"New York, NY, USA",46,1377
Harper,813/.54,nan,Beautiful ruins,337,New York,6,1396
Atria Books,0813/.6,nan,The next best thing,nan,New York,5,1346
Delacorte Press,813/.54,nan,Criminal,nan,New York,0,83
Simon & Schuster,823/.92,nan,Gold,nan,New York,0,0
Viking,813/.6,nan,Shadow of Night,592,"New York,  NY.  USA",0,1506
"Little, Brown and Co.",813/.54,nan,"I, Michael Bennett",nan,New York,38,1655
G. P. Putnam's Sons,813/.54,nan,Backfire,nan,New York,0,1707
William Morrow,813/.54,nan,The great escape,420,New York,16,1430
Harper,nan,nan,The Prisoner of Heaven,278,"New York, USA",8,42
Dutton Adult,813/.54,nan,Night watch,nan,New York,50,1387
HarperCollins Publishers,813/.6,nan,15 seconds,nan,New York,0,0
Harper,823/.914,nan,The fallen angel,nan,New York,1,1452
Simon & Schuster,813/.54,nan,Creole belle,nan,New York,8,1428
Doubleday,813/.54,nan,The sandcastle girls,nan,New York,38,1618
St. Martin's Press,813/.54,nan,Close your eyes,nan,New York,0,1934
Tor,813/.54,nan,Earth Unaware,368,"New York, USA",0,1534
St. Martin's Press,813/.6,nan,Where we belong,nan,New York,0,1345
Delacorte Press,813/.54,nan,Friends forever,nan,New York,0,1363
Emily Bestler Books/Atria,813/.6,nan,Black list,nan,New York,0,1426
Viking,nan,nan,Broken Harbor,450,"New York, USA",14,1711
William Morrow,813/.54,nan,Judgment call,nan,New York,1,1376
Dutton,813/.6,nan,Thirteen,nan,New York,0,0
Bantam Books,813/.54,nan,Odd apocalypse,nan,New York,0,1396
Scribner,823/.92,nan,The light between oceans,nan,New York,4,1616
Berkley Books,nan,nan,Haven,nan,New York,13,1406
Random House,823/.92,nan,The Unlikely Pilgrimage of Harold Fry,320,"New York, USA",89,1341
Dutton,813/.54,nan,Sweet Talk,366,"New York, USA",0,0
Wizards of the Coast,813/.54,nan,Charon's claw,nan,"Renton, WA",0,1338
G. P. Putnam's Sons,813/.54,nan,The spymasters,nan,"New York, USA",35,1414
St. Martin's Press,813/.54,nan,Time untime,nan,New York,4,0
Kensington Publisning Corporation,nan,nan,you dont want to know,nan,nan,0,0
Lucas Books,nan,nan,Mercy Kill,nan,nan,0,167
Alfred A. Knopf,813/.6,nan,The dog stars,nan,New York,0,1352
Ballantine Books,813/.54,nan,The last victim,nan,New York,1,1383
Ballantine Books,813/.54,nan,The inn at Rose Harbor,nan,New York,0,0
Simon & Schuster,823/.914,nan,The kingmaker's daughter,417,New York,84,1575
"little, Brown and Company",nan,nan,"Where'd You Go, Bernadette",330,New York,1,5
Del Rey,813/.54,nan,Wards of Faerie,nan,New York,0,1341
Atria Books,813/.54,nan,Trickster's point,nan,New York,17,1702
Dutton,813/.54,nan,One last thing before I go,nan,New York,0,1336
St. Martin's Minotaur,813/.6,nan,The beautiful mystery,nan,New York,2,1628
Ballantine Books,813/.54,nan,Rizzoli & Isles,nan,New York,0,1666
Scribner,813/.54,nan,Bones are forever,nan,New York,2,1632
Ballantine Books,823/.914,nan,A sunless sea,nan,New York,100,1973
Gallery Books,nan,nan,Jaina Proudmoore Tides Of War,nan,nan,0,167
Hyperion,813/.6,nan,The time keeper,nan,New York,0,1548
"Little, Brown and Co",813/.54,nan,Zoo,416,"New York, NY",1,1655
G. P. Putnams Sons,813/.54,nan,The tombs,nan,New York,0,1349
Penguin Press,823/.914,nan,NW,nan,New York,21,1341
Bantam Books,813/.54,nan,Garment of shadows,nan,New York,5,1378
Roc,813/.54,nan,The lord of mountains,nan,"New York, New York",0,1529
G. P. Putnam's Sons,813/.54,nan,Gone,nan,New York,13,1336
Willaim Morrow,813/.54,nan,Tiger's claw,nan,New York,41,1341
Delacorte Press,813/.54,nan,A wanted man,nan,New York,0,1737
G. P. Putnam's Sons,813/.54,nan,Delusion in death,nan,New York,117,1464
Harper,813/.54,nan,Telegraph Avenue,nan,New York,2,1389
Riverhead Books,813/.54,nan,This is how you lose her,nan,New York,0,1336
Hyperion,813/.6,nan,Frozen heat,nan,New York,79,1648
G. P. Putnam's Sons,813/.6,nan,Robert B. Parker's Fool me twice,nan,New York,25,1376
Orbit,813/.6,nan,The blinding knife,nan,New York,0,1394
Atria Books,813/.6,nan,A fistful of collars,nan,New York,0,1590
Dutton,823/.914,nan,Winter of the world,nan,New York,5,1441
G.P. Putnam's Sons,813/.54,nan,Severe clear,nan,New York,3,1530
Tor,813/.54,nan,Midst toil and tribulation,nan,New York,0,0
Tor,813/.6,nan,Fallen masters,nan,"New York, NY",0,9
Minotaur Books,nan,nan,Hiss And Hers An Agatha Raisin Mystery,nan,nan,0,1402
"Little, Brown and Co.",823/.914,nan,The casual vacancy,503,New York,59,1393
New American Library,813/.6,nan,Rapture,nan,New York,0,1340
Atria,813/.54,nan,Founders,nan,New York,0,1361
Hyperion,813/.6,nan,Sutton,nan,New York,0,1336
nan,813/.6,nan,A fool's gold Christmas,315,nan,46,1347
G.P. Putnam's Sons,813/.54,nan,Mad River,nan,New York,17,1433
Berkley,813/.6,nan,Dark Storm,370,"New York, USA",3,1381
William Morrow,813/.54,nan,Live by night,401,New York,16,1431
Alfred A. Knopf,839.82/38,nan,Phantom,nan,New York,10,1429
Thomas Dunne Books,813/.6,nan,This Book is Full of Spiders,416,New York,0,1377
Houghton Mifflin Harcourt,813/.54,nan,In sunlight and in shadow,nan,"Boston, Mass",1,1376
Harper,813/.54,nan,The round house,nan,"New York, NY",1,1459
Daw Books,nan,nan,Redoubt (Valdemar: Collegium Chronicles #4),nan,nan,0,1540
"Little, Brown and Company",813/.54,nan,NYPD red,nan,New York,79,1637
nan,813/.6,nan,Into the woods,513,nan,0,1471
Penguin Press,811/.54,nan,A thousand mornings,nan,New York,0,167
nan,813/.54,nan,The panther,629,nan,1,1396
Ballantine Books,813/.54,nan,The twelve,624,New York,0,1358
G. P. Putnam's Sons,813/.54,nan,The bone bed,nan,New York,0,1510
Atria Books,823/.92,nan,The secret keeper,nan,New York,84,1439
Thomas Dunne Books/St. Martin's Press,813/.6,nan,The road to Woodbury,nan,New York,1,1543
St. Martin's Press,813/.54,nan,Sleep no more,nan,New York,0,1429
Forge,813/.54,nan,An Irish country wedding,nan,New York,2,1507
nan,nan,nan,Racketeer,nan,New York : Doubleday,0,0
"Little, Brown",813/.54,nan,Back to blood,nan,New York,2,1430
Howard Books,813/.54,nan,The bridge,nan,"Nashville, TN",0,0
Ballantine Books,813/.54,nan,Angels at the table,nan,New York,38,1338
"Little, Brown and Company",nan,nan,The Yellow Birds,nan,nan,35,1361
Pantheon Books,823/.914,nan,The uncommon appeal of clouds,nan,New York,3,1339
Delacorte Press,813/.54,nan,The sins of the mother,nan,New York,0,1342
Delacorte Press,813/.6,nan,Iced,495,"New York, USA",11,1352
Dutton,813/.54,nan,The giving quilt,nan,New York,0,1826
Putnam Adult,nan,nan,"Poseidons Arrow
            
                Dirk Pitt Adventure",nan,nan,0,1346
Harper,813/.54,nan,Flight behavior,nan,New York,4,1429
Baen Books,813/.54,nan,Captain Vorpatril's alliance,nan,"Riverdale, NY",0,1751
Atria Books,nan,nan,The Last Man,433,"New York, USA",0,0
"Little, Brown and Co.",813/.54,nan,"Merry Christmas, Alex Cross",nan,New York,20,1347
Nan A. Talese/Doubleday,823/.914,nan,Sweet tooth,nan,New York,0,1337
Faithwords,nan,nan,Cross Roads,290,"New York, NY",0,0
Alfred A. Knopf,813/.54,nan,Dear life,nan,New York,0,0
Bantam,nan,nan,Notorious Nineteen,320,"New York, NY",0,1735
Grand Central,813/.54,nan,The forgotten,nan,New York,0,1391
nan,813/.6,nan,Agenda 21,295,nan,0,1595
"Little, Brown",nan,nan,Black box,nan,"New York, USA",0,0
G.P. Putnam's Sons,813/.54,nan,Threat vector,835,New York,41,1618
Grand Central Pub.,813/.54,nan,Two graves,480,New York,0,1389
Putnam Adult,nan,nan,Empire And Honor,nan,nan,0,1669
nan,813/.54,nan,Shadow woman,319,nan,0,1369
Tor Books,nan,nan,A Memory of Light (Wheel of Time),912,United States,0,170
Random House,813/.54,nan,Tenth of December,272,New York,2,9
G.P. Putnam's Sons,813/.6,nan,Kinsey and me,286,New York,0,1376
Putnam Adult,nan,nan,Collateral Damage A Stone Barrington Novel,nan,nan,0,1643
St. Martin's Press,813/.54,nan,The husband list,309,New York,117,1673
William Morrow,nan,nan,The Blood Gospel,496,nan,0,26
G. P. Putnam's Sons,813/.54,nan,Dream eyes,nan,New York,0,1338
Harper,nan,nan,1356: A Novel,432,nan,0,0
Pamela Dorman Books/Viking,nan,nan,Me Before You,nan,nan,0,0
Putnam Adult,nan,nan,Robert B Parkers Ironhorse,nan,nan,0,1667
Grand Central Publishing,nan,nan,The Fifth Assassin,nan,nan,0,0
Simon & Schuster,813/.54,nan,The third bullet,nan,New York,0,1353
Dutton,813/.54,nan,Mrs. Lincoln's dressmaker,356,New York,0,1619
Reagan Arthur Books,nan,nan,Standing in Another Mans Grave,nan,nan,0,1386
Delacorte Press,813/.6,nan,The ambassador's daughter,nan,New York,0,1338
"Little, Brown and Co.",813/.54,nan,Private Berlin,nan,New York,0,1458
Delacorte Press,813/.54,nan,Until the end of time,nan,New York,0,1343
Emily Bestler Books/Atria,813/.54,nan,A deeper love inside,nan,New York,82,1342
Delacorte Press,813/.6,nan,Speaking from among the bones,nan,New York,59,1629
G. P. Putnam's Sons,813/.54,nan,Insane city,nan,New York,0,0
William Morrow,813/.54,nan,Proof of guilt,nan,New York,59,1426
Touchstone,813/.54,nan,Deadly stakes,290,New York,7,1626
HarperCollins,813/.54,nan,House of earth,nan,"New York NY, USA",0,1693
nan,823/.914,nan,A week in winter,325,nan,7,1607
nan,813/.54,nan,Guilt,378,nan,86,1656
Hogarth,839.31/364,nan,The Dinner,292,"New York, USA",2,1569
Putnam Adult,nan,nan,The Night Ranger,nan,nan,0,0
"Chances, Inc.",nan,nan,The Power Trip,536,nan,0,0
Alfred A. Knopf,813/.6,nan,Vampires in the lemon grove,nan,New York,0,7
Del Rey Books,nan,nan,The Daylight War,nan,nan,0,1337
nan,813/.54,nan,"Alex Cross, run",407,nan,20,2047
William Morrow & Company,nan,nan,The Sound Of Broken Glass,nan,nan,0,1956
Alfred A. Knopf,813/.6,nan,Ghostman,nan,New York,11,1338
Putnam Adult,nan,nan,"Calculated in Death
            
                In Death Hardcover",nan,nan,0,0
Atria,nan,nan,The Storyteller,nan,nan,0,1391
Kensington Publishing Corporation,nan,nan,Red Velvet Cupcake Murder,nan,nan,0,1554
Minotaur Books,nan,nan,Bad Blood,nan,nan,0,1635
Ace Books,nan,nan,"Frost Burned
            
                Mercy Thompson",nan,nan,0,1577
Putnam Adult,nan,nan,"The Striker
            
                Isaac Bell Adventure",nan,nan,0,1607
Howard Books,813/.54,nan,The chance,nan,"Nashville, Tenn",0,0
Wizards of the Coast,nan,nan,The Last Threshold,nan,nan,0,0
Baen Books,nan,nan,Shadow Of Freedom,nan,nan,0,167
Putnam Adult,nan,nan,Night Moves,nan,nan,0,1562
Berkley Publishing Group,nan,nan,Sweet Tea Revenge,nan,nan,0,0
G.P. Putnam's Sons,813/.54,nan,Breaking point,367,New York,6,1842
Del Rey Books,nan,nan,Bloodfire Quest,nan,nan,0,1345
Alfred A. Knopf,813/.6,nan,The Supremes at Earl's all-you-can-eat,nan,New York,0,1404
Faithwords,nan,nan,A Story Of God And All Of Us A Novel Based On The Epic Tv Miniseries The Bible,nan,nan,0,0
Dutton,nan,nan,Six Years,351,nan,0,1375
Tor Books,nan,nan,Halo Silentium,nan,nan,0,167
Ecco,nan,nan,The Accursed,nan,nan,0,0
nan,823/.914,nan,Family pictures,344,nan,0,1338
New American Library,nan,nan,Lover At Last A Novel Of The Black Dagger Brotherhood,nan,nan,0,1767
Random House,nan,nan,The Burgess Boys,nan,nan,0,1346
Harper,nan,nan,Leaving Everything Most Loved A Novel,nan,nan,0,0
Atlantic Monthly Press,nan,nan,The Golden Egg Commissario Guido Brunetti,nan,nan,0,1884
nan,813/.6,nan,Z,375,nan,0,1346
Grand Central Pub.,823/.914,nan,Death of yesterday,nan,New York,8,1426
Atria Books,nan,nan,Ordinary Grace,nan,nan,0,0
Ballantine Books,nan,nan,Starting Now (Blossom Street #9),nan,nan,0,1384
"Little, Brown and Company",nan,nan,Life After Life,nan,new york,0,1734
Alfred A. Knopf,813/.54,nan,All that is,nan,New York,0,1377
HarperCollins,nan,nan,Deconstructing Amelia,nan,nan,0,167
William Morrow,813/.6,nan,All you could ask for,nan,New York,0,1801
nan,813/.6,nan,No way back,342,nan,7,1539
Simon & Schuster,nan,nan,Daddy's gone a hunting,nan,nan,0,4
St. Martin's Press,nan,nan,Don't Go,nan,nan,0,1
nan,813/.54,nan,Unintended consequences,310,nan,4,1544
Riverhead Books,nan,nan,The Interestings,nan,nan,0,1360
Random House,nan,nan,Tapestry of Fortunes,219,"New York, USA",1,1405
Ballantine Books,nan,nan,Midnight at Marble Arch : a Charlotte and Thomas Pitt novel,nan,nan,0,0
Viking Books,nan,nan,Miss Julia Stirs Up Trouble,nan,nan,0,167
"G. P. Putnam's Sons, a member of Penguin Group (USA) Inc.",813/.54,nan,Whiskey Beach,484,New York,13,1840
nan,813/.54,nan,Taking eve,339,nan,0,1616
A Marian Wood Book/Putnam,nan,nan,A Man Without Breath A Bernie Gunther Novel,nan,nan,0,1416
nan,813/.54,nan,The hit,392,nan,35,1651
Doubleday,823/.914,nan,Paris,809,New York,23,1461
nan,nan,nan,Wedding night,nan,New York : Dial Press,0,0
Putnam Adult,nan,nan,The Mystery Woman Ladies of Lantern Street,nan,nan,0,0
HarperCollins,nan,nan,Maya's notebook,nan,nan,0,28
"Little, Brown and Company",813/.54,nan,12th of never,nan,New York,71,1654
nan,823/.914,nan,Best kept secret,373,nan,59,1598
HarperCollins,nan,nan,NOS4A2,nan,nan,0,167
Mira Books,nan,nan,The apple orchard,nan,nan,0,1479
Ballantine Books,nan,nan,"Someday, Someday, Maybe",nan,nan,0,167
Alfred A. Knopf,813/.54,nan,The woman upstairs,nan,New York,0,1339
Ace Books,nan,nan,Dead ever after : a Sookie Stackhouse novel,nan,nan,0,278
nan,813/.54,nan,Silken prey,406,nan,27,1422
Simon & Schuster,nan,nan,A step of faith,nan,nan,0,1602
Viking Adult,nan,nan,A delicate truth,nan,nan,0,1403
Putnam Adult,nan,nan,Robert B Parkers Wonderland Spenser,nan,nan,0,1425
nan,813/.54,nan,The Ophelia cut,418,nan,0,1617
Doubleday,nan,nan,Inferno,480,nan,0,1343
Doubleday,813/.54,nan,Little green,291,New York,86,1417
Harper Voyager,813.54,nan,Magician's end,556,New York,0,1374
Bloomsbury Publishing,nan,nan,And the mountains echoed,nan,USA,0,1400
Random House USA Inc,nan,nan,A Chain of Thunder,nan,nan,0,1419
Houghton Mifflin Harcourt,nan,nan,The Fall of Arthur,nan,nan,0,167
nan,839.82/38,nan,The Redeemer,397,nan,10,1432
Bantam,nan,nan,Deeply Odd A Novel,nan,nan,0,1555
G. P. Putnam's Sons,813/.54,nan,Zero hour,390,New York,0,1552
nan,813/.6,nan,The son,561,nan,14,1399
Simon & Schuster,nan,nan,Revenge Wears Prada: The Devil Returns (The Devil Wears Prada #2),nan,nan,0,0
Grand Central Publishing,nan,nan,The Kill Room Lincoln Rhyme,nan,nan,0,0
nan,823/.914,nan,TransAtlantic,304,nan,0,1339
Viking,813/.6,nan,A serpent's tooth,335,New York,1,1428
Scribner,813/.6,nan,Red sparrow,434,New York,1,1650
nan,813/.6,nan,The Yonahlossee Riding Camp for Girls,390,nan,16,1343
nan,813/.54,nan,Bad monkey,317,nan,13,1924
Scribner,813/.6,nan,The silver star,269,New York,0,1357
Ballantine Books,nan,nan,Kings Deception A Novel,nan,nan,0,1353
William Morrow,nan,nan,The Ocean at the End of the Lane: A Novel,192,nan,59,1411
nan,813/.54,nan,The heist,304,nan,1,1638
Dutton Books,nan,nan,The 9th Girl,nan,nan,0,0
nan,813/.54,nan,Sweet salt air,404,nan,0,1643
nan,813/.54,nan,Second honeymoon,403,nan,0,1513
William Morrow,nan,nan,The Eye of God,432,nan,0,1488
nan,813/.6,nan,Sisterland,400,nan,0,1363
Kensington,nan,nan,Tell Me,nan,nan,0,1537
The Berkley Publishing Group,nan,nan,Affliction,570,"New York, NY. USA",0,8
nan,nan,nan,Unseen,nan,New York : Delacorte Press,0,0
Quirk Books,nan,nan,William Shakespeare's Star Wars,176,"Philadelphia, USA",0,176
nan,813/.6,nan,Hidden order,377,nan,21,1463
G. P. Putnam's Sons,813/.54,nan,Bombshell,392,New York,0,2113
nan,813/.6,nan,The light in the ruins,309,nan,6,1475
Lucas Books,nan,nan,Crucible Star Wars,nan,nan,0,167
nan,813/.6,nan,The English Girl,482,nan,14,1602
Mulholland Books,nan,nan,The Cuckoo's Calling,455,"New York, USA",0,1716
Delacorte Press,nan,nan,First Sight,nan,nan,0,0
nan,813/.54,nan,Hunting Eve,385,nan,0,1584
nan,813/.6,nan,"Love, dishonor, marry, die, cherish, perish",113,nan,0,1374
nan,823/.914,nan,The white princess,528,nan,25,1425
nan,813/.54,nan,Death angel,369,nan,1,1339
Putnam,nan,nan,The Husband's Secret,nan,nan,5,0
Random House,nan,nan,Blood & Beauty,nan,nan,0,1435
nan,813/.54,nan,Mistress,410,nan,0,1623
nan,813/.54,nan,Hotshot,356,nan,0,1408
nan,813/.54,nan,The last witness,344,nan,12,1427
nan,813/.54,nan,The companions,378,nan,0,1526
Ballantine Books,nan,nan,Rose Harbor in Bloom,322,"New York, USA",0,1420
Ballantine Books,nan,nan,The Last Kiss Goodbye A Novel,nan,nan,0,0
Random House,nan,nan,Night Film,nan,nan,5,109
nan,823/.92,nan,The bone season,466,nan,20,1363
nan,813/.54,nan,Tamarack County,309,nan,17,1702
Pamela Dorman Books,nan,nan,The Girl You Left Behind (The Girl You Left Behind #1),nan,nan,0,167
nan,823/.914,nan,The daughters of Mars,517,nan,4,1470
Minotaur Books,nan,nan,How the Light Gets In (Chief Inspector Armand Gamache #9),nan,nan,0,0
nan,813/.54,nan,The whole enchilada,372,nan,0,1837
nan,F REI,nan,Bones of the Lost,nan,Scribner 2013,2,1369
Harlequin MIRA,nan,nan,The Returned,352,nan,0,1350
nan,813/.54,nan,Never go back,400,nan,0,2247
G.P. Putnam's Sons,813/.54,nan,The Mayan secrets,375,New York,3,1561
Berkley,nan,nan,Dark Lycon (Carpathion),nan,nan,0,167
Nan A. Talese/Doubleday,nan,nan,MaddAddam,nan,"New York, USA",0,16
nan,813/.54,nan,W is for wasted,486,nan,1,1855
nan,813/.6,nan,Robert B. Parker's Damned if you do,271,nan,25,1806
William Morrow,nan,nan,Second Watch,358,nan,0,1
nan,813/.54,nan,Someone,232,nan,3,1564
nan,813/.6,nan,Songs of Willow Frost,331,nan,5,1559
nan,813/.6,nan,The sound and the furry,311,nan,6,1421
nan,813/.54,nan,Dissident gardens,366,nan,0,1450
nan,813.54,nan,The longest ride,398,nan,13,1509
nan,813/.54,nan,The quest,458,nan,2,1787
nan,813/.54,nan,Thankless in death,402,nan,117,1464
Penguin Press,813/.54,nan,Bleeding Edge,477,nan,5,1372
G. P. Putnam's Sons,nan,nan,The Final Cut,nan,nan,0,1
nan,813/.54,nan,Who asked you?,385,nan,0,1367
Scribner,813/.54,nan,Doctor Sleep,531,New York,0,2311
Alfred A. Knopf,nan,nan,The Lowland,nan,nan,0,1397
nan,813/.54,nan,Deadline,410,nan,0,1884
nan,813/.54,nan,Gone,386,nan,0,1421
nan,813/.54,nan,The signature of all things,501,nan,0,1382
nan,813/.54,nan,The October list,312,nan,90,1729
G.P. Putnam's Sons,nan,nan,Storm Front (Virgil Flowers #7),nan,nan,0,1357
nan,811/.54,nan,Dog Songs,127,nan,0,17
McSweeney's / Aflred A. Knopf,nan,nan,The Circle,491,"San Francisco, New York",56,1387
nan,813/.54,nan,Doing hard time,307,nan,70,1643
nan,[Fic],nan,Doomed,329,nan,0,1348
nan,813/.6,nan,The Walking Dead,245,nan,10,1496
Spectra Books,nan,nan,The Republic of Thieves,nan,nan,0,1376
nan,813/.54,nan,Just one evil act,719,nan,79,1719
nan,813/.54,nan,Identical,371,nan,2,1644
nan,839.82/38,nan,Police,435,nan,10,1430
nan,823/.914,nan,Bridget Jones,390,nan,100,1337
Knopf,nan,nan,The Wolves Of Midwinter A Novel,nan,nan,0,167
"Little, Brown and Company",nan,nan,The Luminaries,834,nan,2,1701
Putnam,nan,nan,The Last Dark,592,New York,0,1536
nan,813/.54,nan,Sycamore Row,447,nan,6,1621
"Little, Brown and Company",nan,nan,The Goldfinch,nan,nan,0,1361
Harper,nan,nan,We are water,nan,nan,0,1358
nan,813/.54,nan,Silent night,229,nan,47,1472
Random House,nan,nan,Aimless Love,nan,nan,0,303
nan,813/.54,nan,After dead,195,nan,0,1424
nan,813/.54,nan,Winners,334,nan,0,1364
St. Martin's Press,nan,nan,Accused,nan,nan,0,2031
nan,813/.54,nan,Fifteen minutes,353,nan,0,1368
Putnam Adult,nan,nan,"Mirage
            
                Oregon Files Hardcover",nan,nan,0,1617
Ecco,nan,nan,The valley of amazement,nan,nan,0,1485
nan,823/.914,nan,The Minor Adjustment Beauty Salon,242,nan,4,1604
nan,813/.54,nan,The all-girl filling station's last reunion,347,nan,0,1435
nan,813/.6,nan,The first phone call from heaven,326,nan,2,1604
nan,813/.54,nan,Dust,495,nan,48,1438
Grand Central Publishing,813/.54,nan,White fire,368,"New York, NY",6,1625
simon & shuster,nan,nan,tatiana,nan,nan,0,0
"Little, Brown & Co.",nan,nan,Stella Bain,nan,"New York, USA",0,1395
nan,813/.54,nan,Takedown twenty,307,nan,15,1582
nan,813/.54,nan,King and Maxwell,422,nan,0,1978
nan,813/.54,nan,Cross my heart,419,nan,20,1622
nan,813/.54,nan,Command authority,nan,nan,41,1463
nan,813/.54,nan,The gods of guilt,387,nan,0,2215
nan,153.1/5,nan,How we learn,254,nan,0,5
nan,823/.914,nan,The death trade,319,nan,3,1599
Viking,nan,nan,The invention of wings,nan,nan,0,1567
nan,813/.6,nan,Dark Wolf,418,nan,0,1567
nan,813/.54,nan,Standup guy,312,nan,38,1843
nan,823/.914,nan,The pagan lord,299,nan,25,1419
nan,813/.54,nan,Fear nothing,404,nan,47,1911
G. P. Putnam's Sons,nan,nan,River road,nan,nan,0,1903
nan,813/.6,nan,Robert B. Parker's Bull River,342,nan,0,1667
nan,[Fic],nan,First love,278,nan,0,1378
"Random House Publishing Group, bantam books paperback edition",nan,nan,The Dead in Their Vaulted Arches,336,New York,0,167
nan,813/.54,nan,The days of Anna Madrigal,270,nan,2,1599
nan,813/.6,nan,Under the wide and starry sky,474,nan,0,1343
HarperCollins Publishers Inc,nan,nan,"Hunting Shadows
            
                Inspector Ian Rutledge Mysteries Hardcover",nan,nan,0,167
nan,813/.54,nan,Still life with bread crumbs,252,nan,0,1369
Harper,nan,nan,Ripper,nan,nan,0,0
nan,813/.6,nan,One more thing,276,nan,0,0
Putnam Adult,nan,nan,Cell,nan,nan,0,0
nan,823/.914,nan,Confessions of a wild child,294,nan,0,1415
nan,813/.54,nan,Somerset,610,nan,14,1370
nan,813/.54,nan,Do or die,558,nan,3,1735
nan,813/.54,nan,Private L.A.,425,nan,86,1619
nan,813/.54,nan,Killer,335,nan,86,2032
nan,813/.6,nan,The counterfeit agent,374,nan,0,1391
Crown,nan,nan,The Martian,384,nan,18,441
nan,813/.6,nan,The winter people,317,nan,0,1355
nan,813/.54,nan,After I'm gone,334,nan,5,1849
nan,823/.914,nan,The forever girl,316,nan,1,1601
nan,813/.54,nan,Concealed in death,402,nan,117,1720
Tor Books,nan,nan,Like a Mighty Army: A Novel in the Safehold Series,672,nan,0,1388
nan,813/.54,nan,Moving target,340,nan,7,1626
Scribner,nan,nan,The Museum Of Extraordinary Things A Novel,nan,nan,0,1492
Voyager,nan,nan,The Undead Pool,nan,nan,0,1448
Bantam ‚Äì Random House,nan,nan,The Chase,nan,nan,0,19
Kensington Publishing,nan,nan,Blackberry Pie Murder,nan,nan,0,1842
nan,813/.54,nan,Bark,192,nan,35,1496
Tor Books,nan,nan,Words of Radiance,1087,nan,0,1349
nan,813/.54,nan,The bootlegger,403,nan,0,1416
nan,813/.54,nan,Bone Deep,362,nan,13,1589
nan,813/.6,nan,The walking dead,278,nan,0,1340
The Penguin Press,nan,nan,Redeployment,nan,nan,0,1827
nan,813/.54,nan,Power play,339,nan,46,1348
nan,813/.6,nan,Night broken,341,nan,0,1361
nan,823/.914,nan,Be careful what you wish for,387,nan,94,1502
G.P. Putnam Sons,813/.54,nan,Stone cold,370,New York,6,2141
Crown,813/.6,nan,The Accident,385,nan,3,1570
nan,813/.54,nan,Mentats of Dune,445,nan,0,1647
Wizards of the Coast,nan,nan,Night of the Hunter,nan,nan,0,0
Dutton,nan,nan,Missing You,nan,nan,0,1804
nan,823/.914,nan,Raising steam,365,nan,0,1337
nan,813/.6,nan,The Auschwitz escape,468,nan,0,1343
Quirk Books,nan,nan,William Shakespeare's The Empire Striketh Back,nan,"Philadelphia, USA",0,174
nan,813/.6,nan,The Cairo affair,408,nan,1,1627
nan,813/.54,nan,You should have known,439,nan,0,1375
nan,813/.54,nan,NYPD red 2,392,nan,117,1805
nan,813/.54,nan,Blossom Street brides,318,nan,14,1376
St. Martin's Press,nan,nan,Tempting Fate: A Novel,352,nan,0,1388
nan,823/.914,nan,Death on Blackheath,302,nan,125,1838
nan,813/.6,nan,The king,573,nan,0,1377
nan,813/.54,nan,I've got you under my skin,303,nan,40,1850
Atlantic Monthly Press,813/.54,nan,By its cover,237,New York,13,1711
nan,813/.54,nan,Destroyer angel,342,nan,0,1410
nan,813/.6,nan,Warriors,467,nan,6,1762
nan,823/.914,nan,Frog music,405,nan,15,1826
nan,813/.54,nan,Cavendon Hall,406,nan,86,1575
St. Martin's Press,nan,nan,Keep Quiet,nan,nan,0,1673
nan,813/.54,nan,In paradise,246,nan,0,1717
nan,813/.54,nan,Miss Julia's marvelous makeover,297,nan,13,1348
Baen Books,nan,nan,Cauldron Of Ghosts,nan,nan,0,167
nan,813/.54,nan,The collector,483,nan,0,1640
Algonquin Books of Chapel Hill,nan,nan,The storied life of A. J. Fikry,nan,nan,0,1385
nan,813/.54,nan,The target,420,nan,0,1756
nan,823/.914,nan,Chestnut Street,367,nan,0,1648
William Morrow,nan,nan,The Serpent of Venice,nan,nan,0,1534
nan,813/.54,nan,Otherwise engaged,342,nan,0,1410
Harper,nan,nan,Lovers At The Chameleon Club Paris 1932 A Novel,nan,nan,0,167
William Morrow,813/.6,nan,Everything to lose,328,New York,80,1714
nan,813/.54,nan,Natchez burning,791,nan,2,1344
St. Martin's Paperbacks,[Fic],nan,Live to see tomorrow,408,New York,0,1462
"Little, Brown & Co.",nan,nan,Unlucky 13,nan,nan,0,0
nan,813/.54,nan,Field of Prey,392,nan,27,1878
Simon & Schister,nan,nan,Walking on water,nan,nan,0,1394
Scribner,nan,nan,All the light we cannot see,nan,nan,0,0
Random House,nan,nan,Delicious!,nan,nan,0,1389
nan,813/.54,nan,Cheap shot,308,nan,34,1630
WW Norton & Co,nan,nan,The Last Kind Words Saloon A Novel,nan,nan,0,0
nan,813/.54,nan,The keeper,306,nan,71,1924
Simon & Schuster,nan,nan,Magnificent Vibration,277,"New York, New York, USA",0,0
nan,813/.54,nan,The snow queen,258,nan,0,1363
nan,839.823/74,nan,The son,401,nan,4,1523
Grand Central Publishing,813/.54,nan,The skin collector,434,New York,79,1448
William Morrow,813/.54,nan,The kill switch,388,"New York, NY",0,1339
Ballantine Books,nan,nan,The One & Only,nan,nan,0,1417
nan,813/.54,nan,Sniper's honor,416,nan,2,1439
G. P. Putnam's Sons,nan,nan,Ghost ship,448,New York,0,1609
nan,813/.54,nan,Suspicion,390,nan,0,1574
"Riverhead Books, a member of Penguin Group (USA)",nan,nan,The Vacationers,nan,nan,0,1363
Scribner,nan,nan,Mr. Mercedes,nan,nan,0,1428
nan,813/.54,nan,A shiver of light,372,nan,20,1536
nan,813.6,nan,The smoke at dawn,495,nan,44,1422
Random House,nan,nan,China Dolls: A Novel,400,nan,0,0
nan,813/.54,nan,Written in my own heart's blood,825,nan,48,1667
nan,813/.54,nan,Earth awakens,395,nan,0,1351
nan,813/.54,nan,Top Secret Twenty-One,341,nan,10,1766
nan,823/.914,nan,The silkworm,455,nan,59,1450
nan,813/.6,nan,All fall down,388,nan,0,1701
Bantam,nan,nan,Rogues,832,nan,0,1380
nan,813/.54,nan,Invisible,401,nan,0,1891
Delacorte Press,nan,nan,Cop Town,nan,nan,0,1450
nan,823/.92,nan,One plus one,368,nan,0,1541
Quirk Books,nan,nan,William Shakespeare's The Jedi doth return,166,"Philadelphia, USA",0,167
HarperCollins,823/.92,nan,The care and management of lies,319,New York,35,1383
nan,813/.54,nan,Born of fury,678,nan,0,1726
nan,813/.54,nan,Power play,404,nan,0,1611
nan,813/.6,nan,Landline,310,nan,0,1413
nan,813/.54,nan,The high druid's blade,305,nan,0,1335
nan,813/.6,nan,"Close your eyes, hold hands",271,nan,0,1355
nan,813.6,nan,The dead will tell,339,nan,5,1622
Viking,813/. 6,nan,The Book of Life,561,"New York,  NY.  USA",0,1551
nan,813/.54,nan,The heist,475,nan,4,1971
nan,813/.54,nan,Cut and thrust,307,nan,86,1736
nan,813/.6,nan,Tom Clancy support and defend,503,nan,35,1653
Delacorte Press,813/.54,nan,A perfect life,nan,New York,0,1441
nan,813/.54,nan,Remains of innocence,389,nan,0,1549
G.P. Putnam's Sons,nan,nan,Big Little Lies,nan,nan,0,0
Ace Books,nan,nan,Magic Breaks,381,"New York, USA",1,167
nan,813/.54,nan,Lucky us,240,nan,0,1360
viking adult,nan,nan,the magicians land,nan,nan,0,1381
Tor Books,nan,nan,Severed Souls: A Richard and Kahlan Novel,560,nan,0,0
nan,813/.54,nan,Top secret,515,nan,0,1597
Knopf,nan,nan,Colorless Tsukuru Tazaki And His Years Of Pilgrimage A Novel,nan,nan,0,1728
nan,813/.54,nan,Love Letters,306,nan,0,1633
nan,813.54,nan,The 6th extinction,587,nan,0,1363
nan,813/.54,nan,Mean streak,409,nan,13,1752
Simon & Schuster,nan,nan,We Are Not Ourselves,nan,nan,0,1492
HarperCollins,nan,nan,Heroes Are My Weakness,nan,nan,0,167
Ecco,nan,nan,The Miniaturist: A Novel,416,nan,0,0
Tor Books,nan,nan,Lock In: A Novel of the Near Future,336,nan,0,0
nan,813/.54,nan,Personal,353,nan,0,1927
nan,813/.54,nan,Somewhere safe with somebody good,511,nan,0,1716
Random House,nan,nan,The Bone Clocks,nan,nan,0,1385
Viking,nan,nan,The Secret Place,nan,nan,0,1647
nan,813/.54,nan,Angels walking,360,nan,0,1598
nan,823/.914,nan,The children act,221,nan,59,1375
nan,823/.914,nan,The king's curse,612,nan,84,1603
nan,813/.54,nan,Perfidia,701,nan,66,1687
Dutton,823/.914,nan,Edge of eternity,1098,New York,0,2453
"Farrar, Straus and Giroux",nan,nan,Wolf in White Van,nan,nan,0,167
Riverhead Books,823/.914,nan,The paying guests,nan,"New York, USA",0,1356
nan,813/.54,nan,The Golem of Hollywood,549,nan,71,1712
nan,813/.54,nan,Bones never lie,323,nan,1,1719
William Morrow,nan,nan,To Dwell in Darkness: A Novel (Duncan Kincaid/Gemma James Novels),336,nan,0,1711
Simon & Schuster,nan,nan,A Sudden Light,nan,nan,0,0
nan,813/.54,nan,Deadline,388,nan,17,1780
"Farrar, Straus and Giroux",nan,nan,Lila,272,"New York, USA",0,1344
nan,813/.54,nan,Paris match,311,nan,23,1430
nan,813/.54,nan,Mr. Miracle,255,nan,7,1573
Ballantine Books,813.54,nan,Leaving Time,416,New York City,0,1417
nan,823/.914,nan,The narrow road to the deep north,334,nan,1,1380
nan,811/.54,nan,Blue horses,79,nan,0,5
Doubleday,nan,nan,Gray Mountain,nan,nan,0,1584
nan,813/.54,nan,Beautiful you,224,nan,0,1359
William Morrow,nan,nan,Desert God: A Novel of Ancient Egypt,432,nan,0,0
DAW,nan,nan,The Slow Regard of Silent Things,176,nan,0,0
Knopf,nan,nan,Prince Lestat,nan,nan,0,167
nan,813/.54,nan,Havana storm,452,nan,7,1375
Little Brown,nan,nan,The Burning Room,nan,nan,0,1726
"Ecco, an imprint of HarperCollins Publishers",813/.54,nan,Let me be Frank with you,240,"New York, NY",10,1541
William Morrow,nan,nan,Flesh and Blood,nan,nan,0,1763
nan,813/.54,nan,Blue Labyrinth,403,nan,0,1869
Grand Central Publishing,nan,nan,The Escape,nan,nan,0,1421
Simon & Schuster,nan,nan,The Mistletoe Promise,nan,nan,0,0
nan,813/.54,nan,The Cinderella murder,303,nan,86,2135
Random House Publishing Group - Bantam Dell,nan,nan,The Job,nan,nan,0,1704
nan,813/.6,nan,Everything I never told you,297,nan,0,1383
nan,813/.54,nan,Hope to die,374,nan,20,1610
St. Martin's Press,nan,nan,Betrayed,nan,nan,0,1653
nan,813/.6,nan,Tom Clancy full force and effect,674,nan,1,1956
Scribner,nan,nan,The Boston Girl,nan,nan,0,1829
nan,813/.54,nan,Rizzoli & Isles,330,nan,0,1591
Delacorte Press,nan,nan,As Chimney Sweepers Come to Dust,nan,"New York, NY",0,167
nan,813/.54,nan,Trust no one,337,nan,0,2003
nan,813/.6,nan,Agenda 21,323,nan,0,1406
Penguin Books,nan,nan,The Girl On the Train,nan,nan,80,1338
nan,813/.54,nan,Saint Odd,338,nan,0,1760
nan,813/.54,nan,Cold cold heart,388,nan,0,1870
Scribner,nan,nan,The First Bad Man: A Novel,288,nan,0,0
St. Martin's Press,nan,nan,First Frost,nan,nan,0,167
"Little, Brown and Company",nan,nan,Private Vegas,nan,nan,0,1721
St. Martin's Press,nan,nan,The Nightingale,nan,nan,12,1647
William Morrow,nan,nan,Trigger Warning: Short Fictions and Disturbances,352,nan,0,0
nan,813/.54,nan,Crash & burn,389,nan,47,1749
nan,823/.914,nan,Funny girl,452,nan,100,1672
nan,813/.6,nan,Descent,374,nan,1,1648
nan,813/.54,nan,A spool of blue thread,357,nan,7,1694
Ballantine Books,nan,nan,Motive,nan,nan,0,1983
nan,813/.6,nan,My sunshine away,306,nan,8,1388
nan,813/.54,nan,The Whites,333,nan,0,1733
Bantam Books,nan,nan,Dreaming Spies,nan,nan,0,0
Delacorte Press,nan,nan,Prodigal Son,nan,nan,0,0
nan,813/.54,nan,"Hush, hush",303,nan,8,1938
nan,813/.54,nan,Mrs. Grant and Madame Jule,386,nan,0,1414
nan,813/.54,nan,World gone by,309,nan,19,1501
nan,813/.6,nan,All the old knives,294,nan,35,1553
nan,823/.92,nan,A dangerous place,309,nan,9,1898
Dutton,nan,nan,The Stranger,nan,nan,0,169
nan,813/.6,nan,At the water's edge,354,nan,0,1611
HarperCollins Publishers,nan,nan,Harder They Come,400,nan,0,0
nan,813/.54,nan,Miracle at Augusta,203,nan,0,1348
Simon & Schuster,nan,nan,Chasing Sunsets,nan,nan,0,167
nan,823/.914,nan,The lady from Zagreb,421,nan,4,1793
nan,813/.54,nan,The liar,501,nan,4,1711
St. Martin's Press,nan,nan,Every Fifteen Minutes,nan,nan,0,1934
nan,813/.54,nan,Memory man,405,nan,0,1779
nan,813/.54,nan,God help the child,178,nan,0,1367
nan,813/.54,nan,Garden of lies,359,nan,0,1909
nan,813/.54,nan,Gathering prey,407,nan,23,1560
Simon & Schuster,nan,nan,Death Wears a Beauty Mask and Other Stories,304,nan,0,0
nan,813/.54,nan,14th deadly sin,349,nan,71,1990
nan,823/.914,nan,A god in ruins,468,nan,25,1455
Simon & Schuster,nan,nan,Luckiest Girl Alive,nan,nan,0,1663
Grand Central Publishing,nan,nan,Solitude Creek,nan,nan,0,1653
HarperCollins,nan,nan,Seveneves,861,nan,2,1352
nan,813/.54,nan,Kickback,292,nan,34,1682
Grand Central Publishing,nan,nan,Radiant Angel,451,"New York, USA",0,0
nan,813/.54,nan,Piranha,421,nan,0,1357
Knopf,nan,nan,Our Souls at Night,nan,nan,0,0
Alfred A. Knopf,nan,nan,The water knife : a novel,nan,nan,0,0
nan,813/.54,nan,Finders keepers,434,nan,0,1516
nan,813/.54,nan,In the unlikely event,401,nan,13,1400
William Morrow,nan,nan,All the Single Ladies: A Novel,368,nan,0,0
nan,813/.6,nan,The invasion of the Tearling,514,nan,0,1357
nan,813/.6,nan,The truth according to us,491,nan,3,1711
nan,813/.54,nan,Blueprints,408,nan,0,1565
Grand Central Publishing,nan,nan,The President's Shadow,nan,USA,0,167
Bantam Books,813/.54,nan,Carpe diem,nan,New York,62,1552
nan,813/.54,nan,Truth or die,383,nan,0,2048
Alfred A. Knopf,nan,nan,The cartel,nan,nan,0,167
nan,813/.6,nan,The English spy,484,nan,0,1859
nan,813/.54,nan,Nemesis,384,nan,0,2049
"Harper, an imprint of HarperCollinsPublishers",nan,nan,Go set a watchman : a novel,nan,nan,0,0
Crown Publishers,nan,nan,Armada,355,"New York, USA",0,1383
Ballantine Books,nan,nan,Circling the Sun,nan,nan,0,1754
Simon & Schuster,nan,nan,The Marriage of Opposites,nan,nan,0,1579
Pamela Dorman Books/Viking,nan,nan,Kitchens of the Great Midwest,nan,nan,0,167
Atria Books,nan,nan,Who Do You Love,nan,nan,0,167
nan,813/.6,nan,Everybody rise,376,nan,117,1493
Putnam,nan,nan,X (Kinsey Millhone #24),nan,nan,0,0
Minotaur Books,nan,nan,The Nature of the Beast,nan,nan,0,167
nan,823/.914,nan,The taming of the queen,450,nan,84,1427
Knopf,nan,nan,The Girl in the Spider's Web,nan,nan,0,1526
"Farrar, Straus and Giroux",nan,nan,Purity: A Novel,576,nan,0,1421
Lucas Books; Random House,nan,nan,Star Wars Generations A Celebration Of Fandom,nan,nan,0,167
Delacorte Press,nan,nan,Make Me (Jack Reacher #20),nan,nan,0,167
nan,823/.914,nan,Two years eight months and twenty-eight nights,290,nan,0,1381
nan,813/.54,nan,Dance of the bones,355,nan,9,1664
Riverhead Books,nan,nan,Fates and Furies,400,nan,0,1643
nan,813/.54,nan,The murder house,451,nan,40,1596
nan,823/.92,nan,After you,352,nan,59,1471
nan,813/.54,nan,Pretty girls,396,nan,0,1667
Tor Books,nan,nan,Shadows of Self,383,nan,0,167
Ballantine Books,nan,nan,Dashing through the Snow,nan,nan,0,167
nan,813/.6,nan,See me,562,nan,13,1386
Harper,nan,nan,All the Stars in the Heavens,nan,nan,0,167
Tor Books,nan,nan,Hell's Foundations Quiver: A Novel in the Safehold Series,784,nan,0,0
Doubleday,nan,nan,Rogue Lawyer,nan,nan,0,1859
nan,823/.914,nan,Career of evil,497,nan,80,1428
Harper Perennial,nan,nan,Welcome to Night Vale: A Novel,416,nan,0,0
William Morrow,nan,nan,Depraved Heart,nan,nan,0,1511
nan,813.54,nan,A banquet of consequences,576,nan,100,1885
nan,813/.54,nan,After Alice,273,nan,0,1372
nan,813/.54,nan,The bazaar of bad dreams,495,nan,0,1577
"Little, Brown and Co.",nan,nan,The Crossing,nan,nan,0,2062
nan,813/.54,nan,Avenue of mysteries,460,nan,0,1339
nan,863/.64,nan,The Japanese lover,321,nan,72,1667
Harper,nan,nan,The Magic Strings of Frankie Presto,nan,nan,0,167
nan,813/.54,nan,The promise,402,nan,86,1891
Random House Publishing Group,nan,nan,Tricky Twenty-Two,nan,nan,0,167
Simon & Schuster,nan,nan,All Dressed in White,nan,nan,0,1992
Simon & Schuster,nan,nan,The Mistletoe Inn,nan,nan,0,0
"Little,Brown and Co.",nan,nan,Cross Justice,420,nan,0,1796
nan,813/.6,nan,Tom Clancy commander-in-chief,718,nan,4,1534
Doubleday,813/.6,nan,A Little Life,736,"New York, USA",21,1709
Random House,nan,nan,My Name is Lucy Barton,nan,nan,0,1531
nan,813/.54,nan,Scandalous behavior,369,nan,0,1695
Dutton,nan,nan,The Bitter Season,nan,nan,0,167
Viking,nan,nan,The Expatriates,nan,nan,0,1677
Delacorte Press,nan,nan,Blue,nan,nan,0,167
NAL,nan,nan,The Forgotten Room,nan,nan,0,167
Tor,nan,nan,The Bands of Mourning,447,nan,0,167
Delacorte Press,nan,nan,The Swans of Fifth Avenue,nan,nan,0,167
nan,813/.54,nan,Brotherhood in death,388,nan,80,1388
nan,813/.54,nan,Gentleman Jole and the Red Queen,344,nan,0,1523
St. Martin's Press,nan,nan,Cometh the Hour,416,New York City,0,1880
nan,823/.92,nan,The widow,324,nan,0,1685
nan,813/.54,nan,A doubter's almanac,558,nan,0,1696
Ballantine Books,nan,nan,A Girl's Guide to Moving On,nan,nan,0,167
A Tom Doherty Associates Book,nan,nan,A Gathering of Shadows,nan,nan,21,203
G.P. Putnam's Sons,nan,nan,Off the Grid,nan,nan,0,167
nan,813/.54,nan,The steel kiss,486,nan,81,1630
Atlantic Monthly Press,nan,nan,The Waters of Eternal Youth (Commissario Brunetti #25),nan,nan,0,167
Simon & Schuster,nan,nan,Clawback,nan,nan,0,2133
Delacorte Press,nan,nan,Property of a Noblewoman,nan,nan,0,1393
Viking,nan,nan,At the Edge of the Orchard,nan,nan,0,167
Dutton,nan,nan,Fool Me Once,nan,nan,0,2099
Ecco,nan,nan,The Nest,nan,nan,0,1525
Random House,nan,nan,The Summer Before the War,nan,nan,0,167
